{
    "algorithm": "ncc",
    "data_set": "mnist",
    "pca": true,
    "params": {
        "metric": "euclidean"
    },
    "execution_time_sec": 1.046830415725708,
    "n_jobs": -1,
    "scores_summary": {
        "min": 0.4235995028074236,
        "mean": 0.42988874113896536,
        "max": 0.4351776453949342,
        "variance": 5.1538210523253846e-06,
        "std": 0.0022702028658966545
    },
    "scores": [
        0.42839389784024684,
        0.4279775425363219,
        0.4336719386224337,
        0.4316935207404868,
        0.4312775896798526,
        0.42745703141742747,
        0.4287367158039081,
        0.43474906784382633,
        0.4257854356864258,
        0.4295509084676037,
        0.43243474906784385,
        0.4280999528524281,
        0.4317792252314021,
        0.42789182702610035,
        0.4312716985984313,
        0.4325934178950977,
        0.42934899069986715,
        0.4281856757104282,
        0.4309221803222489,
        0.4264775211074444,
        0.43152886717243155,
        0.429893726431265,
        0.4292632751896456,
        0.4318288971754318,
        0.43323620157696263,
        0.42754896498521405,
        0.42891432000342894,
        0.43173637298594447,
        0.4295204217203103,
        0.42831425999742834,
        0.43053651011312993,
        0.4282346890669867,
        0.4310573914534311,
        0.4275368529310936,
        0.4334204774353919,
        0.4288714585744289,
        0.4293366472403154,
        0.4309347276389663,
        0.4288285971454288,
        0.4286510113129928,
        0.43243474906784385,
        0.428014229994428,
        0.4290795337675694,
        0.42793468478121116,
        0.43354335433543356,
        0.43117929379499487,
        0.4351776453949342,
        0.4235995028074236,
        0.4307079190949606,
        0.4275061072301033,
        0.43135742145643136,
        0.42920809050394243,
        0.4261775168216689,
        0.435000642921435,
        0.427108330476517,
        0.4301632880469721,
        0.43272898718443276,
        0.4309650325677066,
        0.4284489778425406,
        0.4298144100124298,
        0.4290366815221118,
        0.4322633180474007,
        0.42814281428142814,
        0.4326362701405554,
        0.42729181845454933,
        0.4299001328704299,
        0.4301936921494686,
        0.42793468478121116,
        0.4314002828854314,
        0.4294223517312307,
        0.42874898212831614,
        0.4316574514594317,
        0.42779396640383954,
        0.42806325804654355,
        0.43401483005443403,
        0.43002228316763796,
        0.4295204217203103,
        0.4296429642964296,
        0.433064792595132,
        0.4323490335576223,
        0.4243281471004243,
        0.4303651011312993,
        0.4299918570265289,
        0.4286142900004286,
        0.4331504970860473,
        0.4297347104958642,
        0.42604260426042606,
        0.42792252314021256,
        0.429177559679424,
        0.4316145900304316,
        0.4280082276311279,
        0.4294775639651995,
        0.4320860657494321,
        0.42667980802194033,
        0.4302490035571937,
        0.432000342891432,
        0.42860815906753513,
        0.43003471478163974,
        0.43015730144443015
    ]
}