{
    "algorithm": "nsc2",
    "data_set": "mnist",
    "pca": false,
    "params": {
        "metric": "euclidean"
    },
    "execution_time_sec": 765.5800614356995,
    "n_jobs": -1,
    "scores_summary": {
        "min": 0.8485406934384777,
        "mean": 0.8545723073754963,
        "max": 0.8589732601988345,
        "variance": 4.264537500049896e-06,
        "std": 0.0020650756644854194
    },
    "scores": [
        0.853702434007542,
        0.8574122487464106,
        0.8528567142428528,
        0.8549022968803566,
        0.8566408091544165,
        0.8531138828168531,
        0.8538738429893726,
        0.8559550850726438,
        0.8545711714028545,
        0.8543023654439492,
        0.8535979085415506,
        0.8561570442758561,
        0.8589732601988345,
        0.8495692795611366,
        0.8547854785478548,
        0.8518169352074049,
        0.8570693867055243,
        0.854956924263855,
        0.8520311964346932,
        0.8541550593579909,
        0.8564570742788564,
        0.85648782996229,
        0.8532121887455535,
        0.856071321417856,
        0.8573877271169009,
        0.8523121758882269,
        0.8545711714028545,
        0.8527168323620158,
        0.8584408348690695,
        0.851999485662852,
        0.854345217689407,
        0.8553122187459821,
        0.8538853885388539,
        0.8516455262255742,
        0.8552265032357605,
        0.8575714714328576,
        0.8518597874528625,
        0.8561265160930871,
        0.8551712314088552,
        0.8512170037709976,
        0.8566408091544165,
        0.8550855085508551,
        0.8530167980802194,
        0.8566408091544165,
        0.8537568042518537,
        0.8528025368529311,
        0.8563836626237518,
        0.8546997556898547,
        0.8576448405896469,
        0.8517978828268975,
        0.8550855085508551,
        0.8553308193349332,
        0.8530836154802212,
        0.8557712914148558,
        0.8524597188892697,
        0.8544550636437663,
        0.8558570142728559,
        0.8556736372985945,
        0.8519693138473406,
        0.8546568942608547,
        0.8581590675351388,
        0.853126473235332,
        0.8537568042518537,
        0.853702434007542,
        0.8519693138473406,
        0.858085808580858,
        0.8539166952348303,
        0.8545836369090987,
        0.8554712614118555,
        0.853316763798423,
        0.8540264860926585,
        0.8558141528438559,
        0.8528882413438464,
        0.8556979385419792,
        0.8550855085508551,
        0.8576448405896469,
        0.8516264518064544,
        0.8550855085508551,
        0.85318820706205,
        0.8564693781339734,
        0.8538425271098539,
        0.857002056907782,
        0.8562550893584194,
        0.8508422270798508,
        0.8555450805622214,
        0.8563836626237518,
        0.851013672795851,
        0.8511312992800822,
        0.8561265160930871,
        0.8559427371308559,
        0.8574305793623586,
        0.8485406934384777,
        0.8572714414298572,
        0.8528025368529311,
        0.8552265032357605,
        0.8547426171188548,
        0.8562735687350017,
        0.8540693438477692,
        0.8533281899618533
    ]
}