{
    "algorithm": "nn",
    "data_set": "mnist",
    "pca": true,
    "params": {
        "metric": "euclidean",
        "n_neighbors": 350
    },
    "execution_time_sec": 23.054170846939087,
    "n_jobs": -1,
    "scores_summary": {
        "min": 0.4620890660494621,
        "mean": 0.4679450306296544,
        "max": 0.4747353533621909,
        "variance": 5.538343145720951e-06,
        "std": 0.002353368467903178
    },
    "scores": [
        0.4693606444977717,
        0.46942099172845325,
        0.46706099181346705,
        0.4676894069249229,
        0.4672352462178031,
        0.4687754489734688,
        0.46747514569763454,
        0.46607808682981183,
        0.4680896661094681,
        0.46833219060678777,
        0.4679638280546865,
        0.4673610218164674,
        0.4700891326705519,
        0.46483521193159905,
        0.46886117183146886,
        0.4698748714432636,
        0.46774953927913254,
        0.468989756118469,
        0.46858930407953375,
        0.46436377662538036,
        0.47074707470747074,
        0.46546109016112447,
        0.4665066643809197,
        0.4717757490034718,
        0.46996057593417895,
        0.46809240132001884,
        0.4676181903904676,
        0.469832019197806,
        0.46753525050357864,
        0.46504650465046504,
        0.4687607130613644,
        0.46847812111601594,
        0.46886117183146886,
        0.4685035995886184,
        0.4685209788711267,
        0.4661609018044662,
        0.46678950977031197,
        0.4722067458106544,
        0.465946594659466,
        0.4647326019883442,
        0.4747353533621909,
        0.4649179203634649,
        0.4652468289338361,
        0.4691209874426778,
        0.4695040932664695,
        0.4688035653068221,
        0.4712638751982171,
        0.46238909605246237,
        0.4685464518340761,
        0.46774953927913254,
        0.46984698469846986,
        0.46666095303393895,
        0.4669780996871384,
        0.46924692469246926,
        0.4643897840246829,
        0.4681781168302404,
        0.4724615318674725,
        0.4671323277339733,
        0.468263832340462,
        0.46967553898246966,
        0.46828933836133013,
        0.4685638366262375,
        0.46607517894646605,
        0.4697891669523483,
        0.4654780782582608,
        0.4677467746774677,
        0.46627528282482,
        0.46504950070715295,
        0.46924692469246926,
        0.4640898183064793,
        0.46543522050315006,
        0.47211864043547214,
        0.46340418237915665,
        0.4659066558093687,
        0.474047404740474,
        0.46511827219746316,
        0.46860669438134833,
        0.47074707470747074,
        0.4692320877613987,
        0.4660352290747011,
        0.46324632463246324,
        0.4698748714432636,
        0.46834954785068356,
        0.4663752089494664,
        0.47368872128899553,
        0.4682209745853512,
        0.4620890660494621,
        0.46807507713404184,
        0.4676209660138002,
        0.46684668466846685,
        0.4685035995886184,
        0.4689066986671238,
        0.46903261754746906,
        0.4666181007884813,
        0.4700638580551151,
        0.4680896661094681,
        0.46957490572506,
        0.46684952642180605,
        0.46843255754146845
    ]
}