{
    "algorithm": "nsc3",
    "data_set": "mnist",
    "pca": false,
    "params": {
        "metric": "euclidean"
    },
    "execution_time_sec": 625.1066455841064,
    "n_jobs": -1,
    "scores_summary": {
        "min": 0.8722838897698538,
        "mean": 0.876473626063064,
        "max": 0.8813595645278813,
        "variance": 3.050225384329282e-06,
        "std": 0.0017464894458110196
    },
    "scores": [
        0.8783424751456976,
        0.8754982214031629,
        0.8758733016158758,
        0.8755570791909496,
        0.8768268118115973,
        0.8768162530538768,
        0.8773140212547137,
        0.8751553593622766,
        0.8761304701898761,
        0.8767569420637641,
        0.8728838983414049,
        0.8775448973468776,
        0.8795423380185121,
        0.8743839197702824,
        0.8783164030688784,
        0.8747428865272541,
        0.8787554107915827,
        0.8767305301958768,
        0.8767997943092218,
        0.8741696309947284,
        0.8813595645278813,
        0.8752142612272883,
        0.8738267689538421,
        0.877073421627877,
        0.8791995200548509,
        0.875069643852055,
        0.8760447473318761,
        0.874871443263627,
        0.8769125273218189,
        0.8769448373408769,
        0.875128556736373,
        0.8782839754853641,
        0.8757018558998757,
        0.8761998628728145,
        0.8775982514035915,
        0.8784021259268784,
        0.8741429550908467,
        0.8774268203831483,
        0.8786164330718786,
        0.8744429208090504,
        0.8781125444649209,
        0.8761733316188762,
        0.8771426122728831,
        0.875069643852055,
        0.8772877287728773,
        0.8767997943092218,
        0.8769982428320404,
        0.8751017958938752,
        0.878171066163867,
        0.8767410963013758,
        0.8754875487548754,
        0.8751714089818307,
        0.8748982128316118,
        0.8790879087908791,
        0.8760713061364416,
        0.8745553507907255,
        0.8796022459388796,
        0.8757713404182379,
        0.8722838897698538,
        0.8802451673738803,
        0.8791138155639355,
        0.8750267860969443,
        0.8755304101838756,
        0.8766712375728488,
        0.875283932627609,
        0.8783164030688784,
        0.8758141926636955,
        0.8742124887498393,
        0.8793879387938794,
        0.8731145011998629,
        0.8738267689538421,
        0.88003086022888,
        0.8752142612272883,
        0.8789696995671367,
        0.8752303801808752,
        0.8756427836818649,
        0.8754125058929413,
        0.8781449573528781,
        0.8767569420637641,
        0.8769553850769297,
        0.8768162530538768,
        0.8752571134727459,
        0.8772553893627052,
        0.8757447173288757,
        0.8762855673637299,
        0.8784125487506964,
        0.8742017058848742,
        0.8758141926636955,
        0.8767410963013758,
        0.8772877287728773,
        0.8769712032910525,
        0.8743839197702824,
        0.878016373065878,
        0.8761141583818992,
        0.8746410663009472,
        0.8789593245038789,
        0.8765855330819335,
        0.8761839454849355,
        0.8751875187518752
    ]
}