{
    "algorithm": "nsc2",
    "data_set": "mnist",
    "pca": true,
    "params": {
        "metric": "euclidean"
    },
    "execution_time_sec": 4.761857032775879,
    "n_jobs": -1,
    "scores_summary": {
        "min": 0.41374876783954057,
        "mean": 0.4212298344197937,
        "max": 0.4270346719238846,
        "variance": 9.284979728731043e-06,
        "std": 0.0030471264707476525
    },
    "scores": [
        0.42218032224888585,
        0.4161488021257447,
        0.42565685139942566,
        0.41750942749400066,
        0.4270346719238846,
        0.4199134199134199,
        0.42192320877613987,
        0.4167488106972957,
        0.4243281471004243,
        0.42072334590332533,
        0.42129173273903914,
        0.4218850456474219,
        0.42428008227631125,
        0.41374876783954057,
        0.4262140499764262,
        0.42393726431265,
        0.41919170273861056,
        0.41914191419141916,
        0.42239458347617415,
        0.41726310375862513,
        0.4226136899404226,
        0.42398011655810763,
        0.41739167702395746,
        0.42342805709142345,
        0.42522283167637986,
        0.418891698452835,
        0.42004200420042004,
        0.42102331162152895,
        0.4236917670252432,
        0.41712742702841715,
        0.42316592389441204,
        0.42292032743324903,
        0.4175131798894175,
        0.4244514912581419,
        0.42000600008571554,
        0.41875616133041876,
        0.4184093246486116,
        0.4259632280461149,
        0.41961338991041963,
        0.4181950634213233,
        0.42493464192345604,
        0.4189276070464189,
        0.4243657867672266,
        0.41619165988085544,
        0.42244224422442245,
        0.4216660953033939,
        0.4267775253932199,
        0.4162701984484163,
        0.4251799794309222,
        0.4173488192688467,
        0.42107067849642105,
        0.42102331162152895,
        0.41893455620794584,
        0.42402811709742405,
        0.4195234830305108,
        0.4215917370248146,
        0.4235137799494235,
        0.4188378471031882,
        0.42176316804525776,
        0.4233851956624234,
        0.4233801851217004,
        0.42013457335104787,
        0.4217993227894218,
        0.4214089818306479,
        0.42214888784125487,
        0.4202991727744203,
        0.417723688721289,
        0.4227060386576951,
        0.4244138699584244,
        0.4233373328762427,
        0.41782025457506533,
        0.42222793707942224,
        0.41588104216660954,
        0.4234774782496893,
        0.42467103853242466,
        0.4228659581762084,
        0.42090601294304203,
        0.41965625133941964,
        0.42535138841275283,
        0.42484892641323446,
        0.413998542711414,
        0.42522283167637986,
        0.42090601294304203,
        0.41837040846941836,
        0.42513712718546454,
        0.4192345604937213,
        0.41854185418541856,
        0.42325162838532737,
        0.4230489006985814,
        0.4168702584544169,
        0.41948063078505315,
        0.42189174131059015,
        0.4235566413784236,
        0.4195234830305108,
        0.41927741824883213,
        0.42402811709742405,
        0.42488001371271855,
        0.41546307804397203,
        0.4223136599374223
    ]
}