{
    "algorithm": "nn",
    "data_set": "mnist",
    "pca": false,
    "params": {
        "metric": "euclidean",
        "n_neighbors": 3
    },
    "execution_time_sec": 27163.338322877884,
    "n_jobs": -1,
    "scores_summary": {
        "min": 0.9683750428522454,
        "mean": 0.9705593131360858,
        "max": 0.9726115468689727,
        "variance": 1.1019063541512423e-06,
        "std": 0.0010497172734366346
    },
    "scores": [
        0.9696606102159753,
        0.9709424420348862,
        0.9695683854099696,
        0.9714604045251971,
        0.9696138516264519,
        0.9711542582829712,
        0.96957490572506,
        0.971799597137102,
        0.9707685054219708,
        0.9703033938978403,
        0.9687995542793468,
        0.9717114568599717,
        0.9702176894069249,
        0.9702995757082244,
        0.9716685954309716,
        0.9683750428522454,
        0.9720996014228774,
        0.9707256439929707,
        0.9711604388069934,
        0.9706852955042214,
        0.9712828425699713,
        0.9720174837161467,
        0.9702567179531136,
        0.9708542282799708,
        0.972360301679808,
        0.9684566922384605,
        0.9713257039989713,
        0.9697891669523483,
        0.9714567350962157,
        0.969011186832969,
        0.9691463832704834,
        0.9725281789739854,
        0.9705970597059705,
        0.9698320191978059,
        0.969785282646895,
        0.9710256739959711,
        0.9691035310250257,
        0.9694852783611194,
        0.9718829025759719,
        0.9717175179979431,
        0.9693995628508979,
        0.9702113068449703,
        0.9720603359616043,
        0.9702995757082244,
        0.9706827825639707,
        0.9703890983887555,
        0.9720567436677667,
        0.9702970297029703,
        0.9711604388069934,
        0.9712424463206617,
        0.9708542282799708,
        0.9708604730887899,
        0.9700424291775597,
        0.9709399511379709,
        0.9717175179979431,
        0.9696138516264519,
        0.9716257340019716,
        0.9717175179979431,
        0.969785282646895,
        0.9705541982769705,
        0.9719317792252314,
        0.9702995757082244,
        0.9691397711199692,
        0.9701319849160096,
        0.9684995499935714,
        0.9717543182889717,
        0.9690178265341104,
        0.9703424334633352,
        0.9711542582829712,
        0.9686750085704491,
        0.9704710067286676,
        0.9726115468689727,
        0.9708176208433322,
        0.9716281661166588,
        0.9701255839869701,
        0.9720174837161467,
        0.9705995799939999,
        0.9685397111139685,
        0.9714175522797395,
        0.9708567265246646,
        0.9703827525609704,
        0.9694892012341446,
        0.971371019585994,
        0.9708542282799708,
        0.9710318820706205,
        0.9708995842797754,
        0.9696969696969697,
        0.9696177579705176,
        0.9721853169330991,
        0.9694826625519695,
        0.9693177922523141,
        0.969570993871341,
        0.9715400111439716,
        0.9696606102159753,
        0.9714995928513265,
        0.9688397411169688,
        0.9708604730887899,
        0.9695281361162302,
        0.9714971497149715
    ]
}