{
    "algorithm": "pback",
    "data_set": "mnist",
    "pca": true,
    "params": {
        "decay": 0.1,
        "eta0": 0.01
    },
    "execution_time_sec": 136.3355405330658,
    "n_jobs": 2,
    "scores_summary": {
        "min": 0.32267603822911756,
        "mean": 0.35476095416293363,
        "max": 0.4125058929413277,
        "variance": 0.0005650935679684183,
        "std": 0.023771696783536893
    },
    "scores": [
        0.35940178265341105,
        0.38653409334419064,
        0.3248896318203249,
        0.3317620843332191,
        0.36930527578965416,
        0.34482019630534483,
        0.32760541652382585,
        0.3513478763982343,
        0.32793279327932795,
        0.3496314706890641,
        0.32679038271975314,
        0.3260468904033261,
        0.3288052793966404,
        0.3629623280332576,
        0.3344048690583344,
        0.38224202948234487,
        0.34466206660095144,
        0.3280613775663281,
        0.3592303736715804,
        0.3540479149702139,
        0.3968111096823968,
        0.32511998628728145,
        0.3246474949642138,
        0.3533924821053534,
        0.33540452519712033,
        0.36489092701324305,
        0.3341905619133342,
        0.39175522797394585,
        0.32631894741353445,
        0.3302901718743303,
        0.38134213232773395,
        0.32786182659752283,
        0.33796236766533794,
        0.377785395954748,
        0.3788196974242489,
        0.32544683039732547,
        0.3451319849160096,
        0.3879912570179574,
        0.3537782349663538,
        0.3519026396983202,
        0.3238331976171088,
        0.3765376537653765,
        0.3279910867329448,
        0.3805340076286804,
        0.38618147529038616,
        0.3268769283510456,
        0.3267475249646424,
        0.3728944323003729,
        0.39364072677408296,
        0.3293618480264004,
        0.3842098495563842,
        0.3882841960918752,
        0.3465049500707153,
        0.3693797951223694,
        0.3552022625985602,
        0.35614794497064245,
        0.3286185761433286,
        0.34958861844360645,
        0.3721767453820769,
        0.32416098752732414,
        0.38117072334590335,
        0.34131916170231,
        0.3953109596673953,
        0.3441035310250257,
        0.32267603822911756,
        0.33041875616133043,
        0.36591532396297566,
        0.32661895169931,
        0.39205349106339205,
        0.32807679122386013,
        0.36583379762568036,
        0.3713942822853714,
        0.3428608159067535,
        0.3981914027343248,
        0.34237709485234236,
        0.34731744943435033,
        0.36420520293147046,
        0.36526509793836526,
        0.34200377099760026,
        0.4125058929413277,
        0.3690797651193691,
        0.3518597874528625,
        0.3621051729310419,
        0.34477733487634477,
        0.3671151868357902,
        0.37929113273046755,
        0.376966268055377,
        0.34247514569763454,
        0.32717610251575024,
        0.32574686040032574,
        0.3821134727459719,
        0.37569108130116147,
        0.39402511679739405,
        0.3680150839904011,
        0.3576051086444092,
        0.3410912519823411,
        0.39634041823791566,
        0.3279475421077444,
        0.3620933521923621
    ]
}