{
    "algorithm": "nsc3",
    "data_set": "mnist",
    "pca": true,
    "params": {
        "metric": "euclidean"
    },
    "execution_time_sec": 8.596705198287964,
    "n_jobs": -1,
    "scores_summary": {
        "min": 0.41369557764826875,
        "mean": 0.4195995731320119,
        "max": 0.4245424542454245,
        "variance": 4.97034947226824e-06,
        "std": 0.002229428059451177
    },
    "scores": [
        0.4229088104216661,
        0.41812025886084087,
        0.42017058848742017,
        0.42080905039424066,
        0.41820597437106244,
        0.4198705584844199,
        0.42299451491258144,
        0.4155916513093044,
        0.42025631134542024,
        0.4166095303393898,
        0.41992028457549396,
        0.4211564013544212,
        0.41802365443949263,
        0.4213774482492607,
        0.4206849256354207,
        0.41832362015769625,
        0.421120301718596,
        0.42064206420642064,
        0.4197377442577991,
        0.420520293147045,
        0.41738459560241736,
        0.42025197120329105,
        0.42090601294304203,
        0.41845613132741843,
        0.41729516626671237,
        0.42060600865726655,
        0.41918477562041917,
        0.4211090161124443,
        0.420306004371491,
        0.41635592130641635,
        0.4179379499485773,
        0.4218060258003686,
        0.41845613132741843,
        0.4182807679122386,
        0.42262032314747355,
        0.41777034846341776,
        0.41995200548508743,
        0.4183345476363948,
        0.4226994127984227,
        0.41686664381213573,
        0.4227488964128059,
        0.41858471561441857,
        0.4215375385670209,
        0.41970599579994,
        0.4181989627534182,
        0.4206804936578677,
        0.41919170273861056,
        0.4182846856114183,
        0.4222660267398012,
        0.41572022457463675,
        0.4213278470704213,
        0.4157953376756942,
        0.41949170702438604,
        0.4233423342334233,
        0.4206804936578677,
        0.41443449192131315,
        0.4237709485234238,
        0.4170809050394241,
        0.42047743539193416,
        0.41944194419441944,
        0.41969489201234145,
        0.4201774311061587,
        0.41674167416741675,
        0.42115186835790197,
        0.41692024171773884,
        0.42167073850242165,
        0.41369557764826875,
        0.41880598294261345,
        0.4245424542454245,
        0.4209376071306136,
        0.4186774096772811,
        0.41965625133941964,
        0.4196520397668838,
        0.4173059615137359,
        0.42102781706742104,
        0.417852245457662,
        0.42086315518793127,
        0.4215850156444216,
        0.42128042509427494,
        0.4192345604937213,
        0.41777034846341776,
        0.42025197120329105,
        0.41422020314575925,
        0.4243710085294244,
        0.4234658896126157,
        0.418505978656838,
        0.4164416441644164,
        0.42393726431265,
        0.41739167702395746,
        0.41862757704341863,
        0.420766198148783,
        0.4181631166159517,
        0.42145643135742145,
        0.4182807679122386,
        0.4207345819225989,
        0.42034203420342037,
        0.4201662667123757,
        0.418891698452835,
        0.4187132999014187
    ]
}