{
    "algorithm": "pback",
    "data_set": "mnist",
    "pca": false,
    "params": {
        "decay": 0.01,
        "eta0": 0.01
    },
    "execution_time_sec": 12105.951976537704,
    "n_jobs": 2,
    "scores_summary": {
        "min": 0.8988041661308988,
        "mean": 0.9021883020244156,
        "max": 0.9062392869386355,
        "variance": 2.7094112245819065e-06,
        "std": 0.001646028925803525
    },
    "scores": [
        0.9004970860473088,
        0.9044700638580551,
        0.9009472375809009,
        0.9010113129928008,
        0.9045129216131659,
        0.9013758518709014,
        0.9004113815563936,
        0.903484335490507,
        0.9028331404569029,
        0.9041395269112101,
        0.8991128444692067,
        0.9024045261669024,
        0.9019540623928693,
        0.9004842926327519,
        0.903047447601903,
        0.9013112787110045,
        0.903698624266061,
        0.901032960438901,
        0.9016540966746658,
        0.9019843140616295,
        0.9034332004629034,
        0.902511141583819,
        0.8992842754896498,
        0.903947537610904,
        0.9049537195749058,
        0.898855697938542,
        0.9028331404569029,
        0.9011827219746315,
        0.9030557579393992,
        0.9017616047319018,
        0.9020826191292424,
        0.9024128916127373,
        0.9015901590159016,
        0.9000257113472746,
        0.9039129130416149,
        0.9033474776049033,
        0.8995114844017826,
        0.9042129173273904,
        0.9026616947409026,
        0.9038395611930066,
        0.9019843140616295,
        0.9004757618619005,
        0.9034967432293453,
        0.9009985856940813,
        0.9020616347349021,
        0.9001542680836476,
        0.9052843612051601,
        0.901032960438901,
        0.9025539938292767,
        0.9006985814083058,
        0.9037332304659037,
        0.9041395269112101,
        0.9027986114087344,
        0.8998757018558998,
        0.9037110044566335,
        0.902070029571851,
        0.9007329304359007,
        0.902382584847446,
        0.9009557279389706,
        0.9023616647379024,
        0.9053822420294824,
        0.903270046714953,
        0.8988041661308988,
        0.9032824820020569,
        0.8996271375305361,
        0.903090309030903,
        0.9019969146383271,
        0.9027557536536236,
        0.9027902790279028,
        0.8994257799108674,
        0.9014700210003,
        0.9044618747589045,
        0.9001542680836476,
        0.9036129087558393,
        0.9013329904419013,
        0.9019540623928693,
        0.9007842969185275,
        0.9038189533239038,
        0.9033681864929722,
        0.9036129087558393,
        0.9004329004329005,
        0.9004542338018512,
        0.9036557665109501,
        0.9042475676139042,
        0.9062392869386355,
        0.9000557150816441,
        0.9008615147229009,
        0.9020826191292424,
        0.9052843612051601,
        0.8995756718528995,
        0.9030682207747686,
        0.9012985899798569,
        0.9034332004629034,
        0.9030682207747686,
        0.9020271718167402,
        0.9012044061549012,
        0.9042680836475832,
        0.9015128787554108,
        0.9015901590159016
    ]
}