{
    "algorithm": "ncc",
    "data_set": "mnist",
    "pca": false,
    "params": {
        "metric": "euclidean"
    },
    "execution_time_sec": 20.474105834960938,
    "n_jobs": -1,
    "scores_summary": {
        "min": 0.8046794652039767,
        "mean": 0.8091757645793679,
        "max": 0.8159259417991686,
        "variance": 5.1967640579973105e-06,
        "std": 0.0022796412125589654
    },
    "scores": [
        0.808193349331505,
        0.8113830197574251,
        0.8085379966568086,
        0.8094789166952349,
        0.8101830026143231,
        0.8087094423728087,
        0.810335961604388,
        0.8091972742467749,
        0.8087094423728087,
        0.8117929379499486,
        0.8067115244503493,
        0.8086237195148086,
        0.8113215632499143,
        0.807782968328119,
        0.8074235995028074,
        0.8090503942406582,
        0.8093258475121073,
        0.8092666409498093,
        0.8055793623585876,
        0.8091544164916642,
        0.8125241095538125,
        0.8111501542680837,
        0.8061115158787983,
        0.8099095623848099,
        0.811235858758999,
        0.807782968328119,
        0.8084094123698085,
        0.8059221803222489,
        0.8159259417991686,
        0.8061806180618062,
        0.8084933150497086,
        0.8113830197574251,
        0.8076379066478077,
        0.8055793623585876,
        0.8119401705738654,
        0.80999528524281,
        0.8087932807679122,
        0.811211588736982,
        0.8074664609318075,
        0.8058364758313336,
        0.8116401662880899,
        0.8102953152458103,
        0.8075077134041824,
        0.8131401877169674,
        0.8073378766448074,
        0.8061792937949949,
        0.8132259032271889,
        0.8076807680768077,
        0.8124785738772712,
        0.8061115158787983,
        0.8095238095238095,
        0.8086218717860816,
        0.8085544079201131,
        0.8109382366808109,
        0.8093503599588618,
        0.8105258646552094,
        0.8087951652308087,
        0.8125214261227288,
        0.8058972271032443,
        0.8094380866658094,
        0.8120071991772368,
        0.8078258260832297,
        0.8086665809438087,
        0.8067792252314021,
        0.8084258346547808,
        0.8117954652608118,
        0.8069077819677751,
        0.8135259075129645,
        0.8067806780678067,
        0.8046794652039767,
        0.8082972613894485,
        0.8144100124298144,
        0.8079790881042167,
        0.8100972871041014,
        0.8088808880888089,
        0.8066935207404868,
        0.8078258260832297,
        0.8129098624148129,
        0.8083647583133357,
        0.8120258860840869,
        0.8068664009258069,
        0.8105502228316763,
        0.8083401191445592,
        0.8082379666538082,
        0.8130356530682208,
        0.8087686966956671,
        0.8051519437658051,
        0.8091789509770312,
        0.8100544293489907,
        0.8079379366508079,
        0.8086647240315392,
        0.8075258217974542,
        0.8102524538168102,
        0.8075934178950978,
        0.8089401277161102,
        0.8105096223908105,
        0.8131213575591361,
        0.8054257917970257,
        0.8093523638078094
    ]
}