{
    "algorithm": "nsc5",
    "data_set": "mnist",
    "pca": false,
    "params": {
        "metric": "euclidean"
    },
    "execution_time_sec": 913.1610882282257,
    "n_jobs": -1,
    "scores_summary": {
        "min": 0.8958038661008958,
        "mean": 0.9001506376116928,
        "max": 0.9047700681438307,
        "variance": 3.7693525641861085e-06,
        "std": 0.0019414820535318138
    },
    "scores": [
        0.9004113815563936,
        0.8997557107958685,
        0.9004329004329005,
        0.9000257113472746,
        0.902884326918956,
        0.8963182032488963,
        0.9035824477202605,
        0.9000128573265332,
        0.8981612446958982,
        0.9006684950291395,
        0.8976556807954399,
        0.9012044061549012,
        0.9002399725745629,
        0.8995414220203146,
        0.9001328704299001,
        0.9005399382927666,
        0.9021986028371833,
        0.9002614547169002,
        0.8994257799108674,
        0.8995414220203146,
        0.9018473275899018,
        0.9033681864929722,
        0.8972699609994429,
        0.9013329904419013,
        0.9015255399382928,
        0.897441392019886,
        0.9001757318589002,
        0.899468632156325,
        0.9011271589594138,
        0.8974754618318975,
        0.9006256427836818,
        0.9020271718167402,
        0.9004329004329005,
        0.9007541995200549,
        0.8999699995714224,
        0.9008186532939009,
        0.8966403839561193,
        0.9016843097758539,
        0.9021902190219022,
        0.8985258827562564,
        0.9001414305918656,
        0.9034760618919034,
        0.9024682893383613,
        0.8997128530407578,
        0.8996185332818997,
        0.9004542338018512,
        0.899669995285647,
        0.9011615447259012,
        0.9010113129928008,
        0.8985985514078773,
        0.9005614847199006,
        0.9010970174837162,
        0.9000985728367548,
        0.8972182932578973,
        0.9001114158381899,
        0.8976985385505507,
        0.9009472375809009,
        0.8987829962290024,
        0.9008271546736382,
        0.9011615447259012,
        0.9045680493657867,
        0.8958556550807869,
        0.8994470875658994,
        0.8995543366472403,
        0.8974842497749967,
        0.9024902490249025,
        0.8985258827562564,
        0.9047700681438307,
        0.8991899189918992,
        0.896426122728831,
        0.8995842797754253,
        0.8994042261368994,
        0.8976259856016455,
        0.901855740796297,
        0.8996613947108997,
        0.9010541652382584,
        0.8990271289589852,
        0.8988898889888989,
        0.9034967432293453,
        0.9015557365105216,
        0.8958038661008958,
        0.8973260198834418,
        0.9045557793682767,
        0.9015472975869016,
        0.9012684264655468,
        0.9023700338576265,
        0.8982898289828983,
        0.8978402468289338,
        0.9029700424291776,
        0.8982041061248982,
        0.8995543366472403,
        0.8984699781425449,
        0.9018901890189019,
        0.9000685635927322,
        0.8993699909998715,
        0.9003900390039004,
        0.9032396297565992,
        0.8995414220203146,
        0.8992327804208993
    ]
}