{
    "algorithm": "pmse",
    "data_set": "mnist",
    "pca": true,
    "params": {
        "epsilon": 100
    },
    "execution_time_sec": 0.966454029083252,
    "n_jobs": 2,
    "scores_summary": {
        "min": 0.32424671038532427,
        "mean": 0.3271861295807238,
        "max": 0.330647580679724,
        "variance": 1.9901839965009882e-06,
        "std": 0.001410738812289854
    },
    "scores": [
        0.3297908810421666,
        0.32683324047486395,
        0.325018216107325,
        0.32537709976002743,
        0.3274761068015257,
        0.3282756847113283,
        0.32589132670551935,
        0.32841897741396303,
        0.3268183961253268,
        0.32919094960575934,
        0.32481892598465695,
        0.3274184561313274,
        0.3288909838875557,
        0.3262760896584237,
        0.3266898118383267,
        0.3271340418237916,
        0.3272618180259718,
        0.3272470104153272,
        0.3285910181693521,
        0.32743324904641496,
        0.32553255325532554,
        0.3264055536510113,
        0.3264903784339776,
        0.329004329004329,
        0.32837675694206375,
        0.329233274761068,
        0.32424671038532427,
        0.3264055536510113,
        0.32944756353662197,
        0.32557541468432555,
        0.3298337332876243,
        0.3252903612908756,
        0.3266469504093266,
        0.32541995200548507,
        0.327218960270861,
        0.3284899918563285,
        0.3274768597874529,
        0.32704752925041786,
        0.32711842612832714,
        0.3268769283510456,
        0.3270046714953071,
        0.3282328232823282,
        0.32781967775111415,
        0.328033257617966,
        0.3251896618233252,
        0.32786252999657184,
        0.32773325333219044,
        0.3263040589773263,
        0.32537709976002743,
        0.32987614108772984,
        0.3266469504093266,
        0.3282910524511484,
        0.3279046843526336,
        0.3251896618233252,
        0.3266198148782996,
        0.3264903784339776,
        0.3281042389953281,
        0.3266626671237573,
        0.3258903698624266,
        0.3286185761433286,
        0.3280339389784025,
        0.3259332276175374,
        0.3277184861343277,
        0.3266626671237573,
        0.3285475506792954,
        0.32574686040032574,
        0.329105245114844,
        0.32503321476021085,
        0.32711842612832714,
        0.3275197120329105,
        0.3258903698624266,
        0.3276756247053277,
        0.3268769283510456,
        0.3258903698624266,
        0.3288757447173289,
        0.32589132670551935,
        0.3291047014957357,
        0.3264755046933265,
        0.32816249571477546,
        0.3282475463935199,
        0.3254039689683254,
        0.32511998628728145,
        0.330647580679724,
        0.3260468904033261,
        0.329105245114844,
        0.3264903784339776,
        0.3258754446873259,
        0.32601988344189237,
        0.32773325333219044,
        0.3277184861343277,
        0.32794823448748717,
        0.3270046714953071,
        0.3266040889803266,
        0.3244772026054165,
        0.33013328761839456,
        0.32797565470832796,
        0.32919094960575934,
        0.3274761068015257,
        0.3251039389653251
    ]
}