{
    "algorithm": "pmse",
    "data_set": "mnist",
    "pca": false,
    "params": {
        "epsilon": 100
    },
    "execution_time_sec": 107.73135638237,
    "n_jobs": 2,
    "scores_summary": {
        "min": 0.8481121158873698,
        "mean": 0.853236802918669,
        "max": 0.8573265332361891,
        "variance": 3.5811807856762764e-06,
        "std": 0.0018924007994281435
    },
    "scores": [
        0.8526311278711004,
        0.856340804868641,
        0.8503278899318504,
        0.853959547480288,
        0.8530836154802212,
        0.8523852385238524,
        0.8516026739801166,
        0.8544122058886555,
        0.8546997556898547,
        0.8546023311621529,
        0.8512407320104572,
        0.8546568942608547,
        0.8554593760713062,
        0.8513693052757897,
        0.8539282499678539,
        0.8533596160438807,
        0.8527407534393349,
        0.8522566542368523,
        0.851045594789167,
        0.8522264603780054,
        0.8558570142728559,
        0.8555879328076791,
        0.8503407191531308,
        0.8542711413998543,
        0.8555022283167638,
        0.8483692624180346,
        0.8555569842698556,
        0.8527168323620158,
        0.8556122230317575,
        0.8513137027988513,
        0.8529739458347617,
        0.8550979299704281,
        0.8508422270798508,
        0.8526739801165582,
        0.8535550507864398,
        0.8529424371008529,
        0.8496314706890641,
        0.8573265332361891,
        0.8529852985298529,
        0.8543023654439492,
        0.8549693567050958,
        0.8516565942308516,
        0.8525025711347275,
        0.8550550722153174,
        0.8516565942308516,
        0.8515598217346589,
        0.8543693481335448,
        0.8547854785478548,
        0.8548594446348988,
        0.84866926670381,
        0.8564999357078565,
        0.8534881727802537,
        0.8524836069086701,
        0.8544425871158544,
        0.8549880013712718,
        0.8541979171131017,
        0.8492134927778492,
        0.8544737744257799,
        0.8481121158873698,
        0.8561570442758561,
        0.8544309221803222,
        0.8515835940513435,
        0.8533281899618533,
        0.8519026396983201,
        0.8512407320104572,
        0.8555998456988556,
        0.8530596503256771,
        0.8541979171131017,
        0.8534996356778535,
        0.8492886527254028,
        0.8553122187459821,
        0.8542282799708543,
        0.8527168323620158,
        0.8552693609908713,
        0.8517423170888517,
        0.8538738429893726,
        0.8530836154802212,
        0.8526852685268527,
        0.8545166266712376,
        0.853126473235332,
        0.8523423770948524,
        0.8521169009256085,
        0.8554407920113144,
        0.8534139128198535,
        0.8541738087075763,
        0.851712167316676,
        0.8528138528138528,
        0.8528882413438464,
        0.8538979128273261,
        0.8528138528138528,
        0.8492886527254028,
        0.8559550850726438,
        0.8535424971068536,
        0.8530167980802194,
        0.8530836154802212,
        0.8540996956838541,
        0.8547737401439836,
        0.8530836154802212,
        0.8533710513908533
    ]
}