{
    "algorithm": "nsc5",
    "data_set": "mnist",
    "pca": true,
    "params": {
        "metric": "euclidean"
    },
    "execution_time_sec": 18.37453055381775,
    "n_jobs": -1,
    "scores_summary": {
        "min": 0.3990057000814297,
        "mean": 0.4086337591825548,
        "max": 0.417852245457662,
        "variance": 1.476129299460625e-05,
        "std": 0.003842042815301028
    },
    "scores": [
        0.4111672951662667,
        0.40466292375605367,
        0.40966953838240966,
        0.40358244772026053,
        0.40877726824668925,
        0.4106124898204106,
        0.4116815221117587,
        0.4106201517164531,
        0.40418327547040417,
        0.4046537538567021,
        0.4041057729396134,
        0.41245553126741247,
        0.4116815221117587,
        0.40736296232803326,
        0.4065835154944066,
        0.4037538567020912,
        0.4146487806968671,
        0.4144271570014144,
        0.4110815906753514,
        0.3990057000814297,
        0.41104110411041106,
        0.4078676722660267,
        0.4064629494707067,
        0.4107839355364108,
        0.4018255056564964,
        0.406805811511593,
        0.4073550212164074,
        0.4097531710661639,
        0.41417734539064843,
        0.4010543911534011,
        0.4076534110387384,
        0.40946299232846184,
        0.415027217007415,
        0.40889612615701065,
        0.41212017314533067,
        0.4061977626334062,
        0.4088104216660953,
        0.40663438049114986,
        0.4097981226694098,
        0.4009256085018855,
        0.40907727253246473,
        0.40885517123140885,
        0.4049537195749057,
        0.41242017743110615,
        0.41086965839441086,
        0.4076534110387384,
        0.4153345047786397,
        0.4052976726244053,
        0.4091532396297566,
        0.4106201517164531,
        0.4039261068964039,
        0.41339561193006513,
        0.40470578151116443,
        0.4055977026274056,
        0.40503942406582105,
        0.4085629794711353,
        0.40546911834040544,
        0.41211004456633527,
        0.40830583294047057,
        0.4132270369894132,
        0.41258141926636954,
        0.401362876612523,
        0.41104110411041106,
        0.417852245457662,
        0.4014485921227446,
        0.40902661694740905,
        0.4062821391840932,
        0.4080058286546951,
        0.4150700784364151,
        0.4130099417209462,
        0.41139159130844727,
        0.4063692083494064,
        0.41103873842989375,
        0.41074872498178544,
        0.4132698984184133,
        0.40529653753856704,
        0.41220588865555224,
        0.40701212978440704,
        0.4154953719574906,
        0.40843440620580296,
        0.4036689383224037,
        0.40966746657524855,
        0.4045772082458321,
        0.41125541125541126,
        0.41215289681179296,
        0.40804868640980585,
        0.4048690583344049,
        0.4127956804936579,
        0.39926284661209444,
        0.4124126698384124,
        0.4083818992115187,
        0.40967728110401574,
        0.41022673695941025,
        0.40795337675694204,
        0.4074915355933656,
        0.4076121897904076,
        0.4083818992115187,
        0.4074915355933656,
        0.4099267069564099
    ]
}