{
    "algorithm": "nsc2",
    "data_set": "orl",
    "pca": true,
    "params": {
        "metric": "euclidean"
    },
    "execution_time_sec": 3.5512430667877197,
    "n_jobs": -1,
    "scores_summary": {
        "min": 0.3416666666666667,
        "mean": 0.4196969696969696,
        "max": 0.525,
        "variance": 0.0011997123660070087,
        "std": 0.03463686426348391
    },
    "scores": [
        0.38125,
        0.4583333333333333,
        0.39166666666666666,
        0.39375,
        0.4583333333333333,
        0.425,
        0.35,
        0.5,
        0.45,
        0.46875,
        0.38333333333333336,
        0.4166666666666667,
        0.36875,
        0.475,
        0.375,
        0.3625,
        0.4583333333333333,
        0.4083333333333333,
        0.4375,
        0.375,
        0.4,
        0.425,
        0.3416666666666667,
        0.43333333333333335,
        0.35625,
        0.48333333333333334,
        0.4166666666666667,
        0.4,
        0.425,
        0.38333333333333336,
        0.45,
        0.44166666666666665,
        0.38333333333333336,
        0.4125,
        0.425,
        0.44166666666666665,
        0.46875,
        0.4666666666666667,
        0.4083333333333333,
        0.4,
        0.4083333333333333,
        0.45,
        0.4125,
        0.44166666666666665,
        0.4,
        0.4,
        0.38333333333333336,
        0.4666666666666667,
        0.41875,
        0.4166666666666667,
        0.44166666666666665,
        0.3875,
        0.4666666666666667,
        0.44166666666666665,
        0.35,
        0.425,
        0.48333333333333334,
        0.4625,
        0.38333333333333336,
        0.45,
        0.4,
        0.44166666666666665,
        0.425,
        0.44375,
        0.375,
        0.425,
        0.4125,
        0.425,
        0.38333333333333336,
        0.39375,
        0.4166666666666667,
        0.43333333333333335,
        0.45,
        0.425,
        0.39166666666666666,
        0.41875,
        0.425,
        0.4083333333333333,
        0.45625,
        0.4166666666666667,
        0.4083333333333333,
        0.4125,
        0.39166666666666666,
        0.4,
        0.4125,
        0.525,
        0.4166666666666667,
        0.40625,
        0.44166666666666665,
        0.38333333333333336,
        0.39375,
        0.425,
        0.4583333333333333,
        0.39375,
        0.48333333333333334,
        0.4083333333333333,
        0.425,
        0.43333333333333335,
        0.375
    ]
}