{
    "algorithm": "pmse",
    "data_set": "orl",
    "pca": true,
    "params": {
        "epsilon": 100
    },
    "execution_time_sec": 0.5223381519317627,
    "n_jobs": 2,
    "scores_summary": {
        "min": 0.11666666666666667,
        "mean": 0.15757575757575756,
        "max": 0.2,
        "variance": 0.000322195165945166,
        "std": 0.017949795707616453
    },
    "scores": [
        0.15625,
        0.19166666666666668,
        0.14166666666666666,
        0.15,
        0.175,
        0.15833333333333333,
        0.125,
        0.2,
        0.15833333333333333,
        0.15625,
        0.14166666666666666,
        0.2,
        0.15,
        0.14166666666666666,
        0.15833333333333333,
        0.1875,
        0.15,
        0.15833333333333333,
        0.15625,
        0.14166666666666666,
        0.14166666666666666,
        0.15,
        0.175,
        0.13333333333333333,
        0.175,
        0.125,
        0.14166666666666666,
        0.1625,
        0.14166666666666666,
        0.15833333333333333,
        0.18125,
        0.14166666666666666,
        0.15,
        0.15625,
        0.13333333333333333,
        0.16666666666666666,
        0.15,
        0.16666666666666666,
        0.16666666666666666,
        0.16875,
        0.15,
        0.15833333333333333,
        0.14375,
        0.15833333333333333,
        0.16666666666666666,
        0.18125,
        0.14166666666666666,
        0.15833333333333333,
        0.1875,
        0.13333333333333333,
        0.175,
        0.15,
        0.175,
        0.175,
        0.2,
        0.125,
        0.15833333333333333,
        0.14375,
        0.15833333333333333,
        0.15,
        0.16875,
        0.15833333333333333,
        0.15833333333333333,
        0.2,
        0.15,
        0.14166666666666666,
        0.1375,
        0.16666666666666666,
        0.15833333333333333,
        0.18125,
        0.15,
        0.15833333333333333,
        0.15,
        0.175,
        0.15833333333333333,
        0.15,
        0.16666666666666666,
        0.14166666666666666,
        0.18125,
        0.15833333333333333,
        0.15,
        0.14375,
        0.14166666666666666,
        0.19166666666666668,
        0.13125,
        0.15,
        0.16666666666666666,
        0.16875,
        0.125,
        0.15,
        0.175,
        0.15833333333333333,
        0.15833333333333333,
        0.15,
        0.16666666666666666,
        0.13333333333333333,
        0.18125,
        0.11666666666666667,
        0.15833333333333333
    ]
}