{
    "algorithm": "pback",
    "data_set": "orl",
    "pca": true,
    "params": {
        "decay": 0.1,
        "eta0": 0.1
    },
    "execution_time_sec": 30.794219255447388,
    "n_jobs": 2,
    "scores_summary": {
        "min": 0.775,
        "mean": 0.850252525252525,
        "max": 0.93125,
        "variance": 0.0010673781823335397,
        "std": 0.03267075423576168
    },
    "scores": [
        0.85625,
        0.8833333333333333,
        0.8333333333333334,
        0.79375,
        0.8833333333333333,
        0.8333333333333334,
        0.80625,
        0.8916666666666667,
        0.8666666666666667,
        0.8375,
        0.8333333333333334,
        0.8833333333333333,
        0.80625,
        0.8166666666666667,
        0.8416666666666667,
        0.84375,
        0.8583333333333333,
        0.8916666666666667,
        0.85,
        0.8583333333333333,
        0.85,
        0.8625,
        0.8666666666666667,
        0.8166666666666667,
        0.85,
        0.8833333333333333,
        0.8416666666666667,
        0.81875,
        0.8666666666666667,
        0.825,
        0.80625,
        0.8666666666666667,
        0.8583333333333333,
        0.8125,
        0.9083333333333333,
        0.8833333333333333,
        0.825,
        0.825,
        0.9,
        0.83125,
        0.8666666666666667,
        0.8833333333333333,
        0.8,
        0.875,
        0.8416666666666667,
        0.81875,
        0.8166666666666667,
        0.8666666666666667,
        0.78125,
        0.8416666666666667,
        0.875,
        0.8375,
        0.8333333333333334,
        0.8833333333333333,
        0.8875,
        0.7833333333333333,
        0.8583333333333333,
        0.825,
        0.85,
        0.8583333333333333,
        0.86875,
        0.825,
        0.7916666666666666,
        0.7875,
        0.85,
        0.8166666666666667,
        0.775,
        0.875,
        0.8666666666666667,
        0.84375,
        0.925,
        0.85,
        0.83125,
        0.85,
        0.825,
        0.80625,
        0.9166666666666666,
        0.8416666666666667,
        0.80625,
        0.8833333333333333,
        0.8666666666666667,
        0.93125,
        0.8916666666666667,
        0.8583333333333333,
        0.85,
        0.8583333333333333,
        0.8333333333333334,
        0.85,
        0.8333333333333334,
        0.9,
        0.88125,
        0.85,
        0.9,
        0.83125,
        0.8666666666666667,
        0.8833333333333333,
        0.8875,
        0.85,
        0.8666666666666667
    ]
}