{
    "algorithm": "nn",
    "data_set": "orl",
    "pca": true,
    "params": {
        "metric": "euclidean",
        "n_neighbors": 2
    },
    "execution_time_sec": 0.4175088405609131,
    "n_jobs": -1,
    "scores_summary": {
        "min": 0.80625,
        "mean": 0.875084175084175,
        "max": 0.95,
        "variance": 0.0008949758354520264,
        "std": 0.029916146734698744
    },
    "scores": [
        0.88125,
        0.9083333333333333,
        0.85,
        0.85625,
        0.9083333333333333,
        0.9,
        0.84375,
        0.9083333333333333,
        0.8916666666666667,
        0.85625,
        0.8833333333333333,
        0.9,
        0.86875,
        0.925,
        0.8583333333333333,
        0.88125,
        0.85,
        0.9083333333333333,
        0.86875,
        0.875,
        0.85,
        0.85625,
        0.875,
        0.8916666666666667,
        0.86875,
        0.925,
        0.8166666666666667,
        0.8125,
        0.8833333333333333,
        0.875,
        0.86875,
        0.8583333333333333,
        0.9083333333333333,
        0.8625,
        0.875,
        0.9083333333333333,
        0.89375,
        0.85,
        0.8666666666666667,
        0.825,
        0.8666666666666667,
        0.8916666666666667,
        0.875,
        0.875,
        0.925,
        0.8125,
        0.8666666666666667,
        0.875,
        0.8375,
        0.8916666666666667,
        0.8833333333333333,
        0.85625,
        0.875,
        0.9,
        0.8375,
        0.8833333333333333,
        0.8833333333333333,
        0.825,
        0.8916666666666667,
        0.9333333333333333,
        0.89375,
        0.8833333333333333,
        0.825,
        0.88125,
        0.825,
        0.8333333333333334,
        0.80625,
        0.925,
        0.95,
        0.84375,
        0.8666666666666667,
        0.875,
        0.88125,
        0.9083333333333333,
        0.8666666666666667,
        0.85,
        0.8833333333333333,
        0.8583333333333333,
        0.83125,
        0.9083333333333333,
        0.825,
        0.9125,
        0.8833333333333333,
        0.8666666666666667,
        0.88125,
        0.8916666666666667,
        0.8833333333333333,
        0.875,
        0.8666666666666667,
        0.8833333333333333,
        0.84375,
        0.8833333333333333,
        0.9416666666666667,
        0.85,
        0.9083333333333333,
        0.9166666666666666,
        0.8625,
        0.9083333333333333,
        0.875
    ]
}