{
    "algorithm": "nsc2",
    "data_set": "orl",
    "pca": false,
    "params": {
        "metric": "manhattan"
    },
    "execution_time_sec": 4.34026026725769,
    "n_jobs": -1,
    "scores_summary": {
        "min": 0.91875,
        "mean": 0.9651304713804714,
        "max": 1.0,
        "variance": 0.0002910276589592065,
        "std": 0.017059532788420862
    },
    "scores": [
        0.95625,
        0.9833333333333333,
        0.975,
        0.9625,
        0.975,
        0.9583333333333334,
        0.94375,
        0.9833333333333333,
        0.9916666666666667,
        0.9625,
        0.9583333333333334,
        0.9833333333333333,
        0.96875,
        0.975,
        0.9583333333333334,
        0.96875,
        0.975,
        0.9916666666666667,
        0.975,
        0.9333333333333333,
        0.95,
        0.975,
        0.975,
        0.95,
        0.95,
        0.975,
        0.95,
        0.96875,
        0.95,
        0.95,
        0.94375,
        0.95,
        0.9583333333333334,
        0.9625,
        1.0,
        0.9916666666666667,
        0.975,
        0.9666666666666667,
        0.975,
        0.91875,
        0.975,
        0.9666666666666667,
        0.96875,
        0.975,
        0.975,
        0.975,
        0.95,
        0.975,
        0.9625,
        0.9583333333333334,
        0.9833333333333333,
        0.95625,
        0.9583333333333334,
        0.975,
        0.9625,
        0.9583333333333334,
        0.9833333333333333,
        0.94375,
        0.9416666666666667,
        0.9666666666666667,
        0.975,
        0.9666666666666667,
        0.925,
        0.95625,
        0.925,
        0.9416666666666667,
        0.95625,
        0.9666666666666667,
        0.9833333333333333,
        0.94375,
        0.9666666666666667,
        0.9666666666666667,
        0.96875,
        0.9916666666666667,
        0.9416666666666667,
        0.93125,
        0.9916666666666667,
        0.95,
        0.95625,
        0.9833333333333333,
        0.9583333333333334,
        0.975,
        0.95,
        0.9583333333333334,
        0.9625,
        0.9833333333333333,
        0.975,
        0.9625,
        0.9916666666666667,
        0.95,
        0.95,
        0.95,
        0.9916666666666667,
        0.9625,
        0.975,
        1.0,
        0.95625,
        1.0,
        0.9833333333333333
    ]
}