{
    "algorithm": "nsc5",
    "data_set": "orl",
    "pca": false,
    "params": {
        "metric": "manhattan"
    },
    "execution_time_sec": 7.497949600219727,
    "n_jobs": -1,
    "scores_summary": {
        "min": 0.9333333333333333,
        "mean": 0.9751473063973063,
        "max": 1.0,
        "variance": 0.0001966635244165005,
        "std": 0.014023677278677676
    },
    "scores": [
        0.95625,
        0.9916666666666667,
        0.9583333333333334,
        0.975,
        0.9916666666666667,
        0.9583333333333334,
        0.98125,
        0.9833333333333333,
        0.9916666666666667,
        0.9625,
        0.9666666666666667,
        0.9833333333333333,
        0.98125,
        0.9833333333333333,
        0.9583333333333334,
        0.96875,
        0.9666666666666667,
        1.0,
        0.9875,
        0.9583333333333334,
        0.9583333333333334,
        0.98125,
        0.975,
        0.975,
        0.9625,
        1.0,
        0.95,
        0.96875,
        0.975,
        0.9666666666666667,
        0.9625,
        0.9666666666666667,
        0.9583333333333334,
        0.9625,
        0.9833333333333333,
        0.9916666666666667,
        0.96875,
        0.9916666666666667,
        0.9833333333333333,
        0.9375,
        0.975,
        0.9833333333333333,
        0.96875,
        0.9666666666666667,
        0.9833333333333333,
        0.98125,
        0.9833333333333333,
        0.9666666666666667,
        0.96875,
        0.975,
        1.0,
        0.9875,
        0.95,
        0.975,
        0.975,
        0.9666666666666667,
        0.9666666666666667,
        0.96875,
        0.9583333333333334,
        1.0,
        0.975,
        0.975,
        0.975,
        0.95625,
        0.9333333333333333,
        0.975,
        0.96875,
        1.0,
        1.0,
        0.98125,
        0.975,
        0.9666666666666667,
        0.96875,
        1.0,
        0.9666666666666667,
        0.95,
        0.9833333333333333,
        0.975,
        0.975,
        0.9916666666666667,
        0.9583333333333334,
        0.975,
        0.9833333333333333,
        0.9666666666666667,
        0.975,
        0.9916666666666667,
        0.9916666666666667,
        0.9625,
        0.9916666666666667,
        0.9833333333333333,
        0.96875,
        0.9833333333333333,
        0.9916666666666667,
        0.96875,
        0.9916666666666667,
        0.9916666666666667,
        0.975,
        0.9916666666666667,
        0.9833333333333333
    ]
}