{
    "algorithm": "pback",
    "data_set": "orl",
    "pca": true,
    "params": {
        "decay": 0.1,
        "eta0": 0.1
    },
    "execution_time_sec": 53.66911578178406,
    "n_jobs": 2,
    "scores_summary": {
        "min": 0.2,
        "mean": 0.2755892255892256,
        "max": 0.3333333333333333,
        "variance": 0.0009395408521152567,
        "std": 0.03065193064254284
    },
    "scores": [
        0.275,
        0.31666666666666665,
        0.2916666666666667,
        0.225,
        0.26666666666666666,
        0.275,
        0.2375,
        0.25833333333333336,
        0.31666666666666665,
        0.2625,
        0.3,
        0.3,
        0.3,
        0.30833333333333335,
        0.25,
        0.24375,
        0.21666666666666667,
        0.275,
        0.3125,
        0.30833333333333335,
        0.24166666666666667,
        0.2875,
        0.25,
        0.30833333333333335,
        0.33125,
        0.2833333333333333,
        0.31666666666666665,
        0.2875,
        0.24166666666666667,
        0.26666666666666666,
        0.29375,
        0.225,
        0.26666666666666666,
        0.24375,
        0.30833333333333335,
        0.2916666666666667,
        0.29375,
        0.30833333333333335,
        0.31666666666666665,
        0.21875,
        0.30833333333333335,
        0.2833333333333333,
        0.20625,
        0.2916666666666667,
        0.3,
        0.24375,
        0.2,
        0.31666666666666665,
        0.25625,
        0.2833333333333333,
        0.3333333333333333,
        0.24375,
        0.25833333333333336,
        0.2916666666666667,
        0.26875,
        0.275,
        0.3,
        0.26875,
        0.3333333333333333,
        0.275,
        0.2875,
        0.25833333333333336,
        0.25833333333333336,
        0.2875,
        0.275,
        0.25833333333333336,
        0.2625,
        0.26666666666666666,
        0.24166666666666667,
        0.275,
        0.225,
        0.2833333333333333,
        0.28125,
        0.30833333333333335,
        0.30833333333333335,
        0.30625,
        0.26666666666666666,
        0.24166666666666667,
        0.28125,
        0.3333333333333333,
        0.26666666666666666,
        0.25,
        0.2833333333333333,
        0.26666666666666666,
        0.24375,
        0.3,
        0.225,
        0.3,
        0.2,
        0.25833333333333336,
        0.26875,
        0.2916666666666667,
        0.2833333333333333,
        0.26875,
        0.325,
        0.25833333333333336,
        0.2625,
        0.2833333333333333,
        0.2833333333333333
    ]
}