{
    "algorithm": "ncc",
    "data_set": "orl",
    "pca": true,
    "params": {
        "metric": "euclidean"
    },
    "execution_time_sec": 0.4632890224456787,
    "n_jobs": -1,
    "scores_summary": {
        "min": 0.29375,
        "mean": 0.3597643097643098,
        "max": 0.44166666666666665,
        "variance": 0.0009969924943883275,
        "std": 0.03157518795491687
    },
    "scores": [
        0.35625,
        0.36666666666666664,
        0.35833333333333334,
        0.3375,
        0.44166666666666665,
        0.35833333333333334,
        0.31875,
        0.4083333333333333,
        0.43333333333333335,
        0.3625,
        0.39166666666666666,
        0.325,
        0.29375,
        0.375,
        0.39166666666666666,
        0.3375,
        0.35833333333333334,
        0.3333333333333333,
        0.4125,
        0.375,
        0.30833333333333335,
        0.39375,
        0.3333333333333333,
        0.325,
        0.33125,
        0.3416666666666667,
        0.39166666666666666,
        0.35,
        0.3333333333333333,
        0.38333333333333336,
        0.4125,
        0.39166666666666666,
        0.325,
        0.39375,
        0.36666666666666664,
        0.35833333333333334,
        0.3625,
        0.38333333333333336,
        0.3416666666666667,
        0.35,
        0.38333333333333336,
        0.3416666666666667,
        0.375,
        0.36666666666666664,
        0.36666666666666664,
        0.4,
        0.36666666666666664,
        0.3416666666666667,
        0.34375,
        0.325,
        0.39166666666666666,
        0.35,
        0.39166666666666666,
        0.35,
        0.30625,
        0.3416666666666667,
        0.3416666666666667,
        0.33125,
        0.3333333333333333,
        0.4166666666666667,
        0.375,
        0.31666666666666665,
        0.36666666666666664,
        0.3625,
        0.325,
        0.3333333333333333,
        0.31875,
        0.36666666666666664,
        0.35833333333333334,
        0.36875,
        0.3333333333333333,
        0.30833333333333335,
        0.3875,
        0.31666666666666665,
        0.3416666666666667,
        0.34375,
        0.39166666666666666,
        0.35833333333333334,
        0.3625,
        0.36666666666666664,
        0.375,
        0.3625,
        0.4166666666666667,
        0.3333333333333333,
        0.3375,
        0.425,
        0.36666666666666664,
        0.375,
        0.3333333333333333,
        0.4083333333333333,
        0.36875,
        0.30833333333333335,
        0.39166666666666666,
        0.3125,
        0.4083333333333333,
        0.36666666666666664,
        0.35625,
        0.30833333333333335,
        0.38333333333333336
    ]
}