{
    "algorithm": "pmse",
    "data_set": "orl",
    "pca": false,
    "params": {
        "epsilon": 10
    },
    "execution_time_sec": 6.706406116485596,
    "n_jobs": 2,
    "scores_summary": {
        "min": 0.9125,
        "mean": 0.9572180134680135,
        "max": 0.9916666666666667,
        "variance": 0.00027815982243065574,
        "std": 0.016678124068091583
    },
    "scores": [
        0.95,
        0.9583333333333334,
        0.95,
        0.975,
        0.9833333333333333,
        0.95,
        0.9375,
        0.9666666666666667,
        0.9583333333333334,
        0.96875,
        0.95,
        0.9666666666666667,
        0.95625,
        0.9583333333333334,
        0.9583333333333334,
        0.95625,
        0.9666666666666667,
        0.975,
        0.9375,
        0.9833333333333333,
        0.9666666666666667,
        0.975,
        0.95,
        0.95,
        0.9125,
        0.975,
        0.95,
        0.95,
        0.9333333333333333,
        0.975,
        0.95625,
        0.9333333333333333,
        0.9416666666666667,
        0.96875,
        0.9666666666666667,
        0.9666666666666667,
        0.9625,
        0.9583333333333334,
        0.9666666666666667,
        0.95625,
        0.925,
        0.9583333333333334,
        0.9375,
        0.9833333333333333,
        0.9666666666666667,
        0.9625,
        0.975,
        0.9333333333333333,
        0.93125,
        0.9333333333333333,
        0.9916666666666667,
        0.9625,
        0.9666666666666667,
        0.975,
        0.9625,
        0.9333333333333333,
        0.9666666666666667,
        0.95,
        0.975,
        0.9666666666666667,
        0.95625,
        0.95,
        0.9583333333333334,
        0.96875,
        0.95,
        0.95,
        0.95,
        0.9666666666666667,
        0.95,
        0.9375,
        0.9916666666666667,
        0.925,
        0.98125,
        0.9666666666666667,
        0.9333333333333333,
        0.9625,
        0.95,
        0.9416666666666667,
        0.9625,
        0.9583333333333334,
        0.9416666666666667,
        0.9625,
        0.9833333333333333,
        0.9166666666666666,
        0.9375,
        0.95,
        0.95,
        0.96875,
        0.975,
        0.975,
        0.95625,
        0.9416666666666667,
        0.975,
        0.95625,
        0.9916666666666667,
        0.9666666666666667,
        0.9625,
        0.925,
        0.9416666666666667
    ]
}