{
    "algorithm": "nn",
    "data_set": "orl",
    "pca": false,
    "params": {
        "metric": "manhattan",
        "n_neighbors": 1
    },
    "execution_time_sec": 1.7721717357635498,
    "n_jobs": -1,
    "scores_summary": {
        "min": 0.9375,
        "mean": 0.9760732323232323,
        "max": 1.0,
        "variance": 0.00019640763502370648,
        "std": 0.014014550832035485
    },
    "scores": [
        0.95625,
        0.9916666666666667,
        0.9666666666666667,
        0.98125,
        0.9916666666666667,
        0.9583333333333334,
        0.96875,
        0.9833333333333333,
        0.9916666666666667,
        0.96875,
        0.9666666666666667,
        0.9833333333333333,
        0.98125,
        0.9833333333333333,
        0.95,
        0.96875,
        0.9833333333333333,
        0.9916666666666667,
        0.99375,
        0.9583333333333334,
        0.9666666666666667,
        0.98125,
        0.9833333333333333,
        0.975,
        0.95625,
        0.9916666666666667,
        0.95,
        0.96875,
        0.975,
        0.9666666666666667,
        0.95625,
        0.9666666666666667,
        0.9666666666666667,
        0.96875,
        0.9916666666666667,
        0.9916666666666667,
        0.96875,
        0.9833333333333333,
        0.9916666666666667,
        0.9375,
        0.975,
        0.9916666666666667,
        0.9625,
        0.975,
        0.9833333333333333,
        0.98125,
        0.9833333333333333,
        0.975,
        0.96875,
        0.975,
        1.0,
        0.9875,
        0.95,
        0.975,
        0.98125,
        0.9583333333333334,
        0.9833333333333333,
        0.96875,
        0.9583333333333334,
        1.0,
        0.975,
        0.9666666666666667,
        0.975,
        0.9625,
        0.9416666666666667,
        0.975,
        0.96875,
        0.9916666666666667,
        0.9916666666666667,
        0.975,
        0.975,
        0.9666666666666667,
        0.96875,
        0.9916666666666667,
        0.9833333333333333,
        0.95625,
        1.0,
        0.9833333333333333,
        0.975,
        0.9916666666666667,
        0.95,
        0.975,
        0.9916666666666667,
        0.9583333333333334,
        0.9625,
        0.9916666666666667,
        0.9916666666666667,
        0.9625,
        0.9916666666666667,
        0.9916666666666667,
        0.975,
        0.9833333333333333,
        0.9916666666666667,
        0.96875,
        0.9916666666666667,
        0.9916666666666667,
        0.975,
        1.0,
        0.9833333333333333
    ]
}