{
    "algorithm": "nsc5",
    "data_set": "orl",
    "pca": true,
    "params": {
        "metric": "manhattan"
    },
    "execution_time_sec": 6.506655931472778,
    "n_jobs": -1,
    "scores_summary": {
        "min": 0.85,
        "mean": 0.9348274410774411,
        "max": 0.9916666666666667,
        "variance": 0.000605339463226368,
        "std": 0.024603647356161808
    },
    "scores": [
        0.93125,
        0.9583333333333334,
        0.9333333333333333,
        0.93125,
        0.9666666666666667,
        0.925,
        0.90625,
        0.95,
        0.9666666666666667,
        0.90625,
        0.9333333333333333,
        0.9416666666666667,
        0.9375,
        0.9583333333333334,
        0.8916666666666667,
        0.94375,
        0.9,
        0.975,
        0.9125,
        0.925,
        0.9416666666666667,
        0.9625,
        0.9333333333333333,
        0.9083333333333333,
        0.91875,
        0.9333333333333333,
        0.8833333333333333,
        0.9125,
        0.9166666666666666,
        0.9166666666666666,
        0.93125,
        0.9333333333333333,
        0.9333333333333333,
        0.9,
        0.95,
        0.9666666666666667,
        0.9375,
        0.9333333333333333,
        0.9583333333333334,
        0.89375,
        0.925,
        0.95,
        0.925,
        0.9416666666666667,
        0.9416666666666667,
        0.9375,
        0.9416666666666667,
        0.9416666666666667,
        0.9,
        0.9583333333333334,
        0.9666666666666667,
        0.91875,
        0.9333333333333333,
        0.9583333333333334,
        0.9125,
        0.9166666666666666,
        0.95,
        0.9375,
        0.95,
        0.9333333333333333,
        0.95625,
        0.9666666666666667,
        0.9083333333333333,
        0.91875,
        0.85,
        0.95,
        0.89375,
        0.95,
        0.975,
        0.94375,
        0.9166666666666666,
        0.9583333333333334,
        0.91875,
        0.9666666666666667,
        0.925,
        0.89375,
        0.975,
        0.9166666666666666,
        0.8875,
        0.9416666666666667,
        0.925,
        0.93125,
        0.95,
        0.9333333333333333,
        0.90625,
        0.9583333333333334,
        0.9666666666666667,
        0.925,
        0.9416666666666667,
        0.95,
        0.90625,
        0.9333333333333333,
        0.9916666666666667,
        0.95,
        0.975,
        0.975,
        0.91875,
        0.95,
        0.95
    ]
}