{
    "algorithm": "pback",
    "data_set": "orl",
    "pca": true,
    "params": {
        "decay": 0.1,
        "eta0": 0.1
    },
    "execution_time_sec": 5.947571754455566,
    "n_jobs": 2,
    "scores_summary": {
        "min": 0.85,
        "mean": 0.9152777777777779,
        "max": 0.9666666666666667,
        "variance": 0.0006059559240362812,
        "std": 0.024616172002085972
    },
    "scores": [
        0.88125,
        0.925,
        0.9666666666666667,
        0.9125,
        0.9416666666666667,
        0.9083333333333333,
        0.875,
        0.925,
        0.925,
        0.93125,
        0.9416666666666667,
        0.9333333333333333,
        0.9,
        0.9,
        0.9333333333333333,
        0.88125,
        0.9166666666666666,
        0.9416666666666667,
        0.925,
        0.9166666666666666,
        0.9416666666666667,
        0.9375,
        0.95,
        0.8833333333333333,
        0.8875,
        0.9166666666666666,
        0.9333333333333333,
        0.93125,
        0.9333333333333333,
        0.8833333333333333,
        0.85,
        0.925,
        0.9083333333333333,
        0.86875,
        0.9083333333333333,
        0.9416666666666667,
        0.9,
        0.875,
        0.95,
        0.8875,
        0.925,
        0.95,
        0.9125,
        0.95,
        0.925,
        0.90625,
        0.9583333333333334,
        0.8916666666666667,
        0.8625,
        0.9666666666666667,
        0.925,
        0.9,
        0.925,
        0.9666666666666667,
        0.9,
        0.8833333333333333,
        0.95,
        0.9,
        0.8916666666666667,
        0.925,
        0.91875,
        0.9,
        0.9,
        0.89375,
        0.8833333333333333,
        0.9166666666666666,
        0.9,
        0.925,
        0.9166666666666666,
        0.91875,
        0.9333333333333333,
        0.925,
        0.9125,
        0.9333333333333333,
        0.8833333333333333,
        0.9,
        0.9333333333333333,
        0.9083333333333333,
        0.91875,
        0.9333333333333333,
        0.9,
        0.94375,
        0.925,
        0.9083333333333333,
        0.9,
        0.925,
        0.9,
        0.91875,
        0.9083333333333333,
        0.9166666666666666,
        0.9125,
        0.9083333333333333,
        0.95,
        0.90625,
        0.9666666666666667,
        0.875,
        0.86875,
        0.9083333333333333,
        0.9083333333333333
    ]
}