{
    "algorithm": "nsc3",
    "data_set": "orl",
    "pca": true,
    "params": {
        "metric": "manhattan"
    },
    "execution_time_sec": 4.2445433139801025,
    "n_jobs": -1,
    "scores_summary": {
        "min": 0.85,
        "mean": 0.9296506734006735,
        "max": 0.9916666666666667,
        "variance": 0.0006481034122403171,
        "std": 0.025457875249916617
    },
    "scores": [
        0.9125,
        0.9666666666666667,
        0.9166666666666666,
        0.925,
        0.9583333333333334,
        0.9416666666666667,
        0.89375,
        0.9416666666666667,
        0.975,
        0.90625,
        0.9333333333333333,
        0.95,
        0.94375,
        0.9583333333333334,
        0.9,
        0.9375,
        0.925,
        0.9916666666666667,
        0.91875,
        0.9166666666666666,
        0.9083333333333333,
        0.9625,
        0.95,
        0.9166666666666666,
        0.91875,
        0.95,
        0.875,
        0.90625,
        0.9083333333333333,
        0.9,
        0.91875,
        0.925,
        0.925,
        0.88125,
        0.925,
        0.9583333333333334,
        0.94375,
        0.925,
        0.95,
        0.8875,
        0.9,
        0.9583333333333334,
        0.89375,
        0.925,
        0.9416666666666667,
        0.94375,
        0.9166666666666666,
        0.95,
        0.9125,
        0.9416666666666667,
        0.9583333333333334,
        0.925,
        0.9416666666666667,
        0.9416666666666667,
        0.9,
        0.9,
        0.9416666666666667,
        0.91875,
        0.9083333333333333,
        0.9416666666666667,
        0.94375,
        0.9583333333333334,
        0.8833333333333333,
        0.925,
        0.85,
        0.9333333333333333,
        0.8875,
        0.95,
        0.9416666666666667,
        0.9125,
        0.9166666666666666,
        0.9416666666666667,
        0.9125,
        0.95,
        0.925,
        0.8875,
        0.9666666666666667,
        0.9333333333333333,
        0.89375,
        0.9416666666666667,
        0.925,
        0.91875,
        0.925,
        0.9333333333333333,
        0.90625,
        0.9416666666666667,
        0.95,
        0.94375,
        0.95,
        0.9583333333333334,
        0.90625,
        0.95,
        0.9666666666666667,
        0.95625,
        0.975,
        0.95,
        0.9,
        0.95,
        0.9666666666666667
    ]
}