{
    "algorithm": "nn",
    "data_set": "orl",
    "pca": true,
    "params": {
        "metric": "euclidean",
        "n_neighbors": 2
    },
    "execution_time_sec": 0.37386441230773926,
    "n_jobs": -1,
    "scores_summary": {
        "min": 0.325,
        "mean": 0.4021254208754208,
        "max": 0.48333333333333334,
        "variance": 0.0011008343783641401,
        "std": 0.03317882424625894
    },
    "scores": [
        0.4125,
        0.4666666666666667,
        0.4166666666666667,
        0.4,
        0.45,
        0.36666666666666664,
        0.375,
        0.4666666666666667,
        0.44166666666666665,
        0.4125,
        0.425,
        0.375,
        0.3375,
        0.425,
        0.39166666666666666,
        0.35625,
        0.4083333333333333,
        0.43333333333333335,
        0.38125,
        0.375,
        0.38333333333333336,
        0.4,
        0.4,
        0.43333333333333335,
        0.3875,
        0.45,
        0.38333333333333336,
        0.36875,
        0.4,
        0.38333333333333336,
        0.3875,
        0.38333333333333336,
        0.4083333333333333,
        0.39375,
        0.425,
        0.4166666666666667,
        0.41875,
        0.375,
        0.4083333333333333,
        0.3875,
        0.375,
        0.44166666666666665,
        0.325,
        0.4166666666666667,
        0.4583333333333333,
        0.36875,
        0.4,
        0.4,
        0.4125,
        0.4666666666666667,
        0.4166666666666667,
        0.4,
        0.4166666666666667,
        0.43333333333333335,
        0.40625,
        0.4083333333333333,
        0.35833333333333334,
        0.425,
        0.35833333333333334,
        0.4166666666666667,
        0.475,
        0.38333333333333336,
        0.38333333333333336,
        0.425,
        0.38333333333333336,
        0.375,
        0.35625,
        0.4083333333333333,
        0.35833333333333334,
        0.35625,
        0.45,
        0.35,
        0.43125,
        0.325,
        0.425,
        0.4125,
        0.4,
        0.38333333333333336,
        0.4,
        0.4166666666666667,
        0.35833333333333334,
        0.43125,
        0.4,
        0.4166666666666667,
        0.38125,
        0.45,
        0.44166666666666665,
        0.34375,
        0.4166666666666667,
        0.375,
        0.39375,
        0.39166666666666666,
        0.4083333333333333,
        0.40625,
        0.48333333333333334,
        0.43333333333333335,
        0.425,
        0.3333333333333333,
        0.4083333333333333
    ]
}