{
    "algorithm": "pmse",
    "data_set": "orl",
    "pca": true,
    "params": {
        "epsilon": 100
    },
    "execution_time_sec": 0.4381887912750244,
    "n_jobs": 2,
    "scores_summary": {
        "min": 0.89375,
        "mean": 0.9421085858585859,
        "max": 0.975,
        "variance": 0.0003327197356215212,
        "std": 0.018240606777778015
    },
    "scores": [
        0.9375,
        0.9583333333333334,
        0.9416666666666667,
        0.94375,
        0.9666666666666667,
        0.925,
        0.9375,
        0.9666666666666667,
        0.9166666666666666,
        0.95,
        0.95,
        0.95,
        0.91875,
        0.925,
        0.95,
        0.95,
        0.95,
        0.9583333333333334,
        0.95625,
        0.9583333333333334,
        0.9666666666666667,
        0.9625,
        0.9333333333333333,
        0.9333333333333333,
        0.89375,
        0.9416666666666667,
        0.9666666666666667,
        0.9375,
        0.925,
        0.9333333333333333,
        0.9,
        0.9333333333333333,
        0.9083333333333333,
        0.925,
        0.9666666666666667,
        0.9333333333333333,
        0.94375,
        0.925,
        0.9583333333333334,
        0.9125,
        0.95,
        0.9416666666666667,
        0.9375,
        0.9666666666666667,
        0.9416666666666667,
        0.9375,
        0.9333333333333333,
        0.9166666666666666,
        0.89375,
        0.9333333333333333,
        0.975,
        0.95,
        0.95,
        0.9666666666666667,
        0.94375,
        0.9416666666666667,
        0.9416666666666667,
        0.925,
        0.9583333333333334,
        0.9666666666666667,
        0.9375,
        0.9166666666666666,
        0.9583333333333334,
        0.93125,
        0.925,
        0.9583333333333334,
        0.95,
        0.9583333333333334,
        0.95,
        0.93125,
        0.975,
        0.9166666666666666,
        0.9375,
        0.9166666666666666,
        0.9333333333333333,
        0.925,
        0.9333333333333333,
        0.9416666666666667,
        0.9375,
        0.9666666666666667,
        0.925,
        0.96875,
        0.9583333333333334,
        0.9583333333333334,
        0.9125,
        0.9416666666666667,
        0.9333333333333333,
        0.9625,
        0.9333333333333333,
        0.9666666666666667,
        0.96875,
        0.9416666666666667,
        0.9666666666666667,
        0.94375,
        0.9583333333333334,
        0.9583333333333334,
        0.93125,
        0.925,
        0.9333333333333333
    ]
}