{
    "algorithm": "nsc3",
    "data_set": "orl",
    "pca": false,
    "params": {
        "metric": "manhattan"
    },
    "execution_time_sec": 5.322259187698364,
    "n_jobs": -1,
    "scores_summary": {
        "min": 0.925,
        "mean": 0.9736111111111109,
        "max": 1.0,
        "variance": 0.00021905116213151915,
        "std": 0.014800377094233753
    },
    "scores": [
        0.9375,
        0.9833333333333333,
        0.9583333333333334,
        0.96875,
        0.9833333333333333,
        0.975,
        0.95625,
        0.9833333333333333,
        0.9916666666666667,
        0.9625,
        0.975,
        0.9833333333333333,
        0.98125,
        0.9833333333333333,
        0.95,
        0.96875,
        0.975,
        1.0,
        0.98125,
        0.95,
        0.9583333333333334,
        0.98125,
        0.9833333333333333,
        0.9666666666666667,
        0.96875,
        0.9916666666666667,
        0.9583333333333334,
        0.96875,
        0.9666666666666667,
        0.9666666666666667,
        0.9625,
        0.9583333333333334,
        0.9583333333333334,
        0.95625,
        0.9916666666666667,
        0.9916666666666667,
        0.975,
        0.9833333333333333,
        0.9833333333333333,
        0.9375,
        0.975,
        0.975,
        0.96875,
        0.9833333333333333,
        0.975,
        0.975,
        0.975,
        0.9833333333333333,
        0.975,
        0.975,
        0.9916666666666667,
        0.975,
        0.95,
        0.975,
        0.96875,
        0.975,
        0.9833333333333333,
        0.96875,
        0.9416666666666667,
        0.9916666666666667,
        0.975,
        0.975,
        0.975,
        0.96875,
        0.925,
        0.9666666666666667,
        0.9625,
        0.9833333333333333,
        0.9916666666666667,
        0.96875,
        0.975,
        0.9666666666666667,
        0.975,
        0.9833333333333333,
        0.95,
        0.9375,
        1.0,
        0.9833333333333333,
        0.96875,
        1.0,
        0.9583333333333334,
        0.975,
        0.9833333333333333,
        0.9916666666666667,
        0.96875,
        1.0,
        0.9833333333333333,
        0.9625,
        0.9916666666666667,
        0.9833333333333333,
        0.975,
        0.9666666666666667,
        0.9916666666666667,
        0.96875,
        0.9916666666666667,
        0.9916666666666667,
        0.96875,
        0.9916666666666667,
        0.975
    ]
}