{
    "algorithm": "nsc2",
    "data_set": "orl",
    "pca": true,
    "params": {
        "metric": "euclidean"
    },
    "execution_time_sec": 3.6718246936798096,
    "n_jobs": -1,
    "scores_summary": {
        "min": 0.85,
        "mean": 0.9242003367003366,
        "max": 0.9833333333333333,
        "variance": 0.0006929126869603058,
        "std": 0.02632323473588126
    },
    "scores": [
        0.9125,
        0.9416666666666667,
        0.925,
        0.9125,
        0.925,
        0.925,
        0.9,
        0.925,
        0.975,
        0.89375,
        0.9166666666666666,
        0.95,
        0.93125,
        0.9416666666666667,
        0.8833333333333333,
        0.93125,
        0.9333333333333333,
        0.9833333333333333,
        0.925,
        0.9,
        0.9416666666666667,
        0.94375,
        0.9333333333333333,
        0.925,
        0.9125,
        0.9416666666666667,
        0.875,
        0.9125,
        0.9166666666666666,
        0.9,
        0.88125,
        0.925,
        0.9333333333333333,
        0.90625,
        0.9666666666666667,
        0.9583333333333334,
        0.95,
        0.9166666666666666,
        0.9333333333333333,
        0.88125,
        0.9166666666666666,
        0.9333333333333333,
        0.925,
        0.9083333333333333,
        0.9333333333333333,
        0.91875,
        0.8916666666666667,
        0.9583333333333334,
        0.90625,
        0.9166666666666666,
        0.9583333333333334,
        0.9,
        0.9333333333333333,
        0.95,
        0.90625,
        0.8833333333333333,
        0.9416666666666667,
        0.91875,
        0.9166666666666666,
        0.95,
        0.95625,
        0.8916666666666667,
        0.8916666666666667,
        0.91875,
        0.85,
        0.8916666666666667,
        0.8875,
        0.9333333333333333,
        0.9583333333333334,
        0.91875,
        0.9166666666666666,
        0.9333333333333333,
        0.90625,
        0.975,
        0.8916666666666667,
        0.85625,
        0.9833333333333333,
        0.9166666666666666,
        0.8875,
        0.9083333333333333,
        0.925,
        0.9375,
        0.95,
        0.9,
        0.91875,
        0.95,
        0.925,
        0.9375,
        0.9416666666666667,
        0.95,
        0.90625,
        0.9416666666666667,
        0.9833333333333333,
        0.91875,
        0.95,
        0.9416666666666667,
        0.91875,
        0.925,
        0.95
    ]
}