{
    "algorithm": "ncc",
    "data_set": "orl",
    "pca": true,
    "params": {
        "metric": "euclidean"
    },
    "execution_time_sec": 0.34169721603393555,
    "n_jobs": -1,
    "scores_summary": {
        "min": 0.7833333333333333,
        "mean": 0.8445075757575756,
        "max": 0.9083333333333333,
        "variance": 0.0008554292929292929,
        "std": 0.02924772286741812
    },
    "scores": [
        0.8125,
        0.8833333333333333,
        0.8166666666666667,
        0.80625,
        0.9083333333333333,
        0.825,
        0.8,
        0.8416666666666667,
        0.8916666666666667,
        0.8875,
        0.8333333333333334,
        0.875,
        0.83125,
        0.85,
        0.8666666666666667,
        0.83125,
        0.8833333333333333,
        0.8916666666666667,
        0.9,
        0.8666666666666667,
        0.85,
        0.85625,
        0.8583333333333333,
        0.8416666666666667,
        0.8,
        0.8666666666666667,
        0.8833333333333333,
        0.83125,
        0.8,
        0.8583333333333333,
        0.8125,
        0.8333333333333334,
        0.8,
        0.79375,
        0.875,
        0.8833333333333333,
        0.85625,
        0.8333333333333334,
        0.85,
        0.8,
        0.85,
        0.8833333333333333,
        0.825,
        0.8833333333333333,
        0.8416666666666667,
        0.8,
        0.8166666666666667,
        0.8416666666666667,
        0.8,
        0.85,
        0.875,
        0.8375,
        0.8666666666666667,
        0.85,
        0.86875,
        0.8083333333333333,
        0.8333333333333334,
        0.7875,
        0.8416666666666667,
        0.8416666666666667,
        0.8625,
        0.8416666666666667,
        0.7916666666666666,
        0.83125,
        0.7833333333333333,
        0.825,
        0.85,
        0.8416666666666667,
        0.875,
        0.8,
        0.85,
        0.8416666666666667,
        0.875,
        0.825,
        0.8166666666666667,
        0.7875,
        0.8583333333333333,
        0.85,
        0.8125,
        0.875,
        0.8083333333333333,
        0.88125,
        0.8916666666666667,
        0.8833333333333333,
        0.8625,
        0.8583333333333333,
        0.8333333333333334,
        0.8375,
        0.8333333333333334,
        0.8416666666666667,
        0.8625,
        0.8416666666666667,
        0.8666666666666667,
        0.8375,
        0.8583333333333333,
        0.85,
        0.84375,
        0.8666666666666667,
        0.8666666666666667
    ]
}