{
    "algorithm": "nsc3",
    "data_set": "orl",
    "pca": true,
    "params": {
        "metric": "manhattan"
    },
    "execution_time_sec": 4.247392177581787,
    "n_jobs": -1,
    "scores_summary": {
        "min": 0.3333333333333333,
        "mean": 0.4028198653198653,
        "max": 0.48333333333333334,
        "variance": 0.0010296479176687512,
        "std": 0.03208812736307233
    },
    "scores": [
        0.36875,
        0.39166666666666666,
        0.4166666666666667,
        0.4125,
        0.4083333333333333,
        0.425,
        0.375,
        0.45,
        0.36666666666666664,
        0.39375,
        0.39166666666666666,
        0.4083333333333333,
        0.35,
        0.425,
        0.4083333333333333,
        0.375,
        0.44166666666666665,
        0.38333333333333336,
        0.34375,
        0.375,
        0.36666666666666664,
        0.44375,
        0.35,
        0.44166666666666665,
        0.40625,
        0.48333333333333334,
        0.43333333333333335,
        0.425,
        0.44166666666666665,
        0.4,
        0.43125,
        0.39166666666666666,
        0.38333333333333336,
        0.4,
        0.425,
        0.45,
        0.475,
        0.45,
        0.38333333333333336,
        0.38125,
        0.425,
        0.43333333333333335,
        0.38125,
        0.4083333333333333,
        0.44166666666666665,
        0.36875,
        0.4166666666666667,
        0.36666666666666664,
        0.425,
        0.425,
        0.4,
        0.3625,
        0.425,
        0.375,
        0.4125,
        0.4166666666666667,
        0.375,
        0.4375,
        0.38333333333333336,
        0.45,
        0.44375,
        0.4,
        0.39166666666666666,
        0.4125,
        0.375,
        0.38333333333333336,
        0.3625,
        0.38333333333333336,
        0.3416666666666667,
        0.39375,
        0.4166666666666667,
        0.38333333333333336,
        0.41875,
        0.375,
        0.35833333333333334,
        0.4,
        0.39166666666666666,
        0.3333333333333333,
        0.39375,
        0.375,
        0.38333333333333336,
        0.43125,
        0.4,
        0.4166666666666667,
        0.44375,
        0.4166666666666667,
        0.36666666666666664,
        0.44375,
        0.4,
        0.35,
        0.38125,
        0.475,
        0.4,
        0.3875,
        0.475,
        0.38333333333333336,
        0.38125,
        0.38333333333333336,
        0.425
    ]
}