{
    "algorithm": "pmse",
    "data_set": "orl",
    "pca": true,
    "params": {
        "epsilon": 100
    },
    "execution_time_sec": 0.42846155166625977,
    "n_jobs": 2,
    "scores_summary": {
        "min": 0.6916666666666667,
        "mean": 0.7646464646464647,
        "max": 0.81875,
        "variance": 0.000751351203360132,
        "std": 0.027410786259429554
    },
    "scores": [
        0.74375,
        0.8,
        0.7833333333333333,
        0.7625,
        0.7833333333333333,
        0.75,
        0.70625,
        0.8166666666666667,
        0.7666666666666667,
        0.775,
        0.7666666666666667,
        0.8166666666666667,
        0.75,
        0.7583333333333333,
        0.7833333333333333,
        0.7875,
        0.7916666666666666,
        0.7833333333333333,
        0.79375,
        0.7833333333333333,
        0.7916666666666666,
        0.8125,
        0.7916666666666666,
        0.7333333333333333,
        0.7625,
        0.7666666666666667,
        0.7833333333333333,
        0.74375,
        0.75,
        0.725,
        0.7625,
        0.775,
        0.725,
        0.73125,
        0.8,
        0.8,
        0.81875,
        0.7333333333333333,
        0.75,
        0.74375,
        0.7916666666666666,
        0.75,
        0.73125,
        0.8083333333333333,
        0.8166666666666667,
        0.725,
        0.7666666666666667,
        0.775,
        0.7375,
        0.725,
        0.775,
        0.75625,
        0.775,
        0.7666666666666667,
        0.7875,
        0.7333333333333333,
        0.7416666666666667,
        0.76875,
        0.7333333333333333,
        0.8,
        0.78125,
        0.75,
        0.7333333333333333,
        0.76875,
        0.7416666666666667,
        0.7083333333333334,
        0.7875,
        0.7666666666666667,
        0.7916666666666666,
        0.75,
        0.7166666666666667,
        0.775,
        0.775,
        0.7666666666666667,
        0.6916666666666667,
        0.75,
        0.775,
        0.75,
        0.7625,
        0.7916666666666666,
        0.725,
        0.7625,
        0.7666666666666667,
        0.7666666666666667,
        0.75625,
        0.775,
        0.7166666666666667,
        0.74375,
        0.7833333333333333,
        0.7666666666666667,
        0.7625,
        0.7583333333333333,
        0.7916666666666666,
        0.7375,
        0.8166666666666667,
        0.7416666666666667,
        0.7875,
        0.7833333333333333,
        0.7583333333333333
    ]
}