{
    "algorithm": "nsc5",
    "data_set": "orl",
    "pca": true,
    "params": {
        "metric": "manhattan"
    },
    "execution_time_sec": 6.657312870025635,
    "n_jobs": -1,
    "scores_summary": {
        "min": 0.8916666666666667,
        "mean": 0.9612794612794612,
        "max": 0.9916666666666667,
        "variance": 0.00025660874619207934,
        "std": 0.016019012022970684
    },
    "scores": [
        0.95,
        0.9666666666666667,
        0.9583333333333334,
        0.95,
        0.975,
        0.975,
        0.94375,
        0.9583333333333334,
        0.975,
        0.95625,
        0.95,
        0.975,
        0.95,
        0.9833333333333333,
        0.9416666666666667,
        0.9625,
        0.95,
        0.9916666666666667,
        0.95625,
        0.9416666666666667,
        0.9666666666666667,
        0.96875,
        0.975,
        0.9666666666666667,
        0.93125,
        0.9833333333333333,
        0.95,
        0.94375,
        0.9583333333333334,
        0.95,
        0.95625,
        0.95,
        0.9583333333333334,
        0.94375,
        0.9833333333333333,
        0.9583333333333334,
        0.9625,
        0.9666666666666667,
        0.9666666666666667,
        0.93125,
        0.95,
        0.9833333333333333,
        0.975,
        0.9666666666666667,
        0.975,
        0.975,
        0.9666666666666667,
        0.9583333333333334,
        0.9375,
        0.9666666666666667,
        0.975,
        0.975,
        0.9416666666666667,
        0.9666666666666667,
        0.95625,
        0.9416666666666667,
        0.9666666666666667,
        0.95625,
        0.9416666666666667,
        0.9666666666666667,
        0.95625,
        0.9666666666666667,
        0.9583333333333334,
        0.94375,
        0.8916666666666667,
        0.9666666666666667,
        0.95,
        0.9916666666666667,
        0.975,
        0.9625,
        0.975,
        0.95,
        0.96875,
        0.9916666666666667,
        0.9416666666666667,
        0.94375,
        0.975,
        0.9583333333333334,
        0.93125,
        0.975,
        0.9583333333333334,
        0.95625,
        0.9833333333333333,
        0.9583333333333334,
        0.94375,
        0.9583333333333334,
        0.9833333333333333,
        0.96875,
        0.975,
        0.975,
        0.95625,
        0.975,
        0.9833333333333333,
        0.9625,
        0.9916666666666667,
        0.9583333333333334,
        0.95,
        0.9583333333333334,
        0.975
    ]
}