{
    "algorithm": "ncc",
    "data_set": "orl",
    "pca": false,
    "params": {
        "metric": "euclidean"
    },
    "execution_time_sec": 0.6854374408721924,
    "n_jobs": -1,
    "scores_summary": {
        "min": 0.8666666666666667,
        "mean": 0.9253367003367005,
        "max": 0.975,
        "variance": 0.0006744000735816213,
        "std": 0.025969213957715804
    },
    "scores": [
        0.9,
        0.95,
        0.9166666666666666,
        0.90625,
        0.9666666666666667,
        0.8666666666666667,
        0.9125,
        0.9416666666666667,
        0.95,
        0.94375,
        0.9166666666666666,
        0.9583333333333334,
        0.9125,
        0.9083333333333333,
        0.9416666666666667,
        0.9,
        0.975,
        0.9416666666666667,
        0.94375,
        0.9583333333333334,
        0.9583333333333334,
        0.95,
        0.9333333333333333,
        0.9083333333333333,
        0.8875,
        0.9583333333333334,
        0.9166666666666666,
        0.9,
        0.925,
        0.8833333333333333,
        0.875,
        0.9416666666666667,
        0.925,
        0.9125,
        0.9333333333333333,
        0.95,
        0.925,
        0.9416666666666667,
        0.9083333333333333,
        0.88125,
        0.9333333333333333,
        0.95,
        0.8875,
        0.9416666666666667,
        0.9583333333333334,
        0.91875,
        0.9083333333333333,
        0.9,
        0.88125,
        0.9416666666666667,
        0.9666666666666667,
        0.91875,
        0.925,
        0.95,
        0.93125,
        0.875,
        0.9166666666666666,
        0.9,
        0.8916666666666667,
        0.9166666666666666,
        0.925,
        0.95,
        0.9166666666666666,
        0.91875,
        0.875,
        0.9416666666666667,
        0.9375,
        0.9166666666666666,
        0.9416666666666667,
        0.8875,
        0.9583333333333334,
        0.9083333333333333,
        0.93125,
        0.9333333333333333,
        0.9083333333333333,
        0.875,
        0.925,
        0.925,
        0.88125,
        0.95,
        0.9,
        0.95625,
        0.9583333333333334,
        0.9083333333333333,
        0.93125,
        0.9583333333333334,
        0.875,
        0.95,
        0.9416666666666667,
        0.9583333333333334,
        0.93125,
        0.95,
        0.95,
        0.9375,
        0.95,
        0.9416666666666667,
        0.9,
        0.95,
        0.9166666666666666
    ]
}