{
    "algorithm": "nsc2",
    "data_set": "orl",
    "pca": true,
    "params": {
        "metric": "euclidean"
    },
    "execution_time_sec": 3.614506244659424,
    "n_jobs": -1,
    "scores_summary": {
        "min": 0.89375,
        "mean": 0.9545454545454546,
        "max": 0.9916666666666667,
        "variance": 0.0003624896928468355,
        "std": 0.019039162083632658
    },
    "scores": [
        0.94375,
        0.975,
        0.975,
        0.9375,
        0.9583333333333334,
        0.9416666666666667,
        0.925,
        0.9666666666666667,
        0.975,
        0.95625,
        0.9416666666666667,
        0.975,
        0.94375,
        0.975,
        0.9333333333333333,
        0.95,
        0.9666666666666667,
        0.9916666666666667,
        0.95,
        0.9416666666666667,
        0.9666666666666667,
        0.96875,
        0.95,
        0.95,
        0.9375,
        0.975,
        0.9416666666666667,
        0.95625,
        0.9416666666666667,
        0.9416666666666667,
        0.925,
        0.9416666666666667,
        0.9416666666666667,
        0.94375,
        0.975,
        0.9666666666666667,
        0.9625,
        0.975,
        0.9583333333333334,
        0.89375,
        0.9583333333333334,
        0.9666666666666667,
        0.95625,
        0.975,
        0.9666666666666667,
        0.9625,
        0.9333333333333333,
        0.9666666666666667,
        0.93125,
        0.9583333333333334,
        0.9916666666666667,
        0.9375,
        0.95,
        0.9666666666666667,
        0.95,
        0.9333333333333333,
        0.975,
        0.94375,
        0.9333333333333333,
        0.9666666666666667,
        0.975,
        0.9583333333333334,
        0.9416666666666667,
        0.95,
        0.9083333333333333,
        0.9416666666666667,
        0.93125,
        0.975,
        0.9666666666666667,
        0.93125,
        0.95,
        0.9666666666666667,
        0.95625,
        0.975,
        0.9166666666666666,
        0.9,
        0.9833333333333333,
        0.9416666666666667,
        0.9375,
        0.9666666666666667,
        0.9416666666666667,
        0.95625,
        0.975,
        0.9416666666666667,
        0.9625,
        0.9666666666666667,
        0.9833333333333333,
        0.94375,
        0.9666666666666667,
        0.9583333333333334,
        0.94375,
        0.9583333333333334,
        0.9833333333333333,
        0.95,
        0.9666666666666667,
        0.9833333333333333,
        0.9375,
        0.9666666666666667,
        0.9833333333333333
    ]
}