{
    "algorithm": "nn",
    "data_set": "orl",
    "pca": true,
    "params": {
        "metric": "euclidean",
        "n_neighbors": 2
    },
    "execution_time_sec": 0.5864260196685791,
    "n_jobs": -1,
    "scores_summary": {
        "min": 0.8625,
        "mean": 0.9251683501683502,
        "max": 0.975,
        "variance": 0.0006096475311505073,
        "std": 0.024691041516114853
    },
    "scores": [
        0.9375,
        0.9166666666666666,
        0.925,
        0.9125,
        0.9583333333333334,
        0.925,
        0.90625,
        0.9333333333333333,
        0.95,
        0.90625,
        0.9083333333333333,
        0.9166666666666666,
        0.925,
        0.925,
        0.9083333333333333,
        0.9,
        0.9083333333333333,
        0.9583333333333334,
        0.91875,
        0.9083333333333333,
        0.9083333333333333,
        0.91875,
        0.9166666666666666,
        0.9416666666666667,
        0.88125,
        0.975,
        0.8833333333333333,
        0.8875,
        0.9333333333333333,
        0.925,
        0.8625,
        0.9333333333333333,
        0.9416666666666667,
        0.91875,
        0.925,
        0.9416666666666667,
        0.93125,
        0.9416666666666667,
        0.925,
        0.8625,
        0.9416666666666667,
        0.95,
        0.91875,
        0.9583333333333334,
        0.9416666666666667,
        0.86875,
        0.975,
        0.925,
        0.86875,
        0.9333333333333333,
        0.9666666666666667,
        0.9125,
        0.9333333333333333,
        0.9416666666666667,
        0.89375,
        0.9416666666666667,
        0.9416666666666667,
        0.9125,
        0.925,
        0.95,
        0.90625,
        0.9416666666666667,
        0.9166666666666666,
        0.93125,
        0.875,
        0.925,
        0.9125,
        0.9583333333333334,
        0.975,
        0.91875,
        0.925,
        0.9166666666666666,
        0.925,
        0.9333333333333333,
        0.925,
        0.89375,
        0.95,
        0.9416666666666667,
        0.8875,
        0.95,
        0.8833333333333333,
        0.925,
        0.925,
        0.9083333333333333,
        0.925,
        0.925,
        0.9666666666666667,
        0.93125,
        0.9416666666666667,
        0.9333333333333333,
        0.91875,
        0.925,
        0.95,
        0.90625,
        0.975,
        0.9583333333333334,
        0.9,
        0.9416666666666667,
        0.9416666666666667
    ]
}