{
    "algorithm": "pback",
    "data_set": "orl",
    "pca": false,
    "params": {
        "decay": 0.01,
        "eta0": 0.01
    },
    "execution_time_sec": 17.04307723045349,
    "n_jobs": 2,
    "scores_summary": {
        "min": 0.7875,
        "mean": 0.8811868686868688,
        "max": 0.95,
        "variance": 0.0009669478586889304,
        "std": 0.031095785223868046
    },
    "scores": [
        0.8625,
        0.925,
        0.85,
        0.85,
        0.9083333333333333,
        0.8916666666666667,
        0.7875,
        0.9083333333333333,
        0.925,
        0.8875,
        0.85,
        0.8833333333333333,
        0.85,
        0.8916666666666667,
        0.8916666666666667,
        0.8875,
        0.9166666666666666,
        0.9333333333333333,
        0.88125,
        0.8583333333333333,
        0.8916666666666667,
        0.86875,
        0.9166666666666666,
        0.925,
        0.875,
        0.9,
        0.8666666666666667,
        0.8625,
        0.85,
        0.9083333333333333,
        0.85,
        0.85,
        0.9083333333333333,
        0.8875,
        0.9,
        0.9,
        0.84375,
        0.8583333333333333,
        0.8916666666666667,
        0.81875,
        0.9,
        0.9333333333333333,
        0.85625,
        0.9,
        0.9083333333333333,
        0.86875,
        0.8833333333333333,
        0.8916666666666667,
        0.79375,
        0.8416666666666667,
        0.95,
        0.86875,
        0.8666666666666667,
        0.9,
        0.85,
        0.8333333333333334,
        0.9,
        0.8375,
        0.8833333333333333,
        0.8833333333333333,
        0.86875,
        0.8833333333333333,
        0.9,
        0.875,
        0.8583333333333333,
        0.8916666666666667,
        0.84375,
        0.9083333333333333,
        0.8916666666666667,
        0.84375,
        0.95,
        0.8666666666666667,
        0.8875,
        0.875,
        0.8666666666666667,
        0.8375,
        0.9,
        0.9,
        0.85,
        0.95,
        0.8333333333333334,
        0.8875,
        0.9,
        0.8666666666666667,
        0.84375,
        0.925,
        0.8916666666666667,
        0.9,
        0.9,
        0.8833333333333333,
        0.90625,
        0.8916666666666667,
        0.9083333333333333,
        0.8625,
        0.9333333333333333,
        0.8916666666666667,
        0.86875,
        0.8583333333333333,
        0.875
    ]
}