{
    "algorithm": "nsc5",
    "data_set": "orl",
    "pca": true,
    "params": {
        "metric": "manhattan"
    },
    "execution_time_sec": 6.427559852600098,
    "n_jobs": -1,
    "scores_summary": {
        "min": 0.325,
        "mean": 0.40082070707070705,
        "max": 0.48333333333333334,
        "variance": 0.001195863288497217,
        "std": 0.034581256317508434
    },
    "scores": [
        0.4,
        0.39166666666666666,
        0.4,
        0.4125,
        0.45,
        0.39166666666666666,
        0.35625,
        0.425,
        0.43333333333333335,
        0.40625,
        0.36666666666666664,
        0.43333333333333335,
        0.375,
        0.38333333333333336,
        0.36666666666666664,
        0.375,
        0.4083333333333333,
        0.4166666666666667,
        0.3625,
        0.375,
        0.36666666666666664,
        0.41875,
        0.325,
        0.4166666666666667,
        0.41875,
        0.425,
        0.4,
        0.375,
        0.425,
        0.375,
        0.425,
        0.43333333333333335,
        0.3416666666666667,
        0.4,
        0.4083333333333333,
        0.44166666666666665,
        0.4125,
        0.475,
        0.375,
        0.35625,
        0.36666666666666664,
        0.48333333333333334,
        0.3375,
        0.44166666666666665,
        0.44166666666666665,
        0.36875,
        0.44166666666666665,
        0.4,
        0.41875,
        0.45,
        0.48333333333333334,
        0.4,
        0.4083333333333333,
        0.45,
        0.40625,
        0.425,
        0.375,
        0.425,
        0.375,
        0.4,
        0.46875,
        0.375,
        0.39166666666666666,
        0.39375,
        0.35,
        0.35833333333333334,
        0.38125,
        0.4083333333333333,
        0.4,
        0.36875,
        0.44166666666666665,
        0.35,
        0.44375,
        0.375,
        0.4,
        0.375,
        0.4083333333333333,
        0.4,
        0.43125,
        0.4083333333333333,
        0.375,
        0.39375,
        0.44166666666666665,
        0.4,
        0.39375,
        0.3416666666666667,
        0.4083333333333333,
        0.4375,
        0.3333333333333333,
        0.35,
        0.38125,
        0.4166666666666667,
        0.44166666666666665,
        0.3625,
        0.4666666666666667,
        0.39166666666666666,
        0.375,
        0.36666666666666664,
        0.43333333333333335
    ]
}